antecedents,consequents,antecedent support,consequent support,support,confidence,lift,leverage,conviction
frozenset({'VIVO Dual LCD Monitor Desk mount'}),frozenset({'Dust-Off Compressed Gas 2 pack'}),0.17411011865084655,0.23836821757099053,0.05972536995067324,0.3430321592649311,1.4390851379453289,0.01822305130679728,1.1593136455154853
frozenset({'Dust-Off Compressed Gas 2 pack'}),frozenset({'VIVO Dual LCD Monitor Desk mount'}),0.23836821757099053,0.17411011865084655,0.05972536995067324,0.2505592841163311,1.4390851379453289,0.01822305130679728,1.1020082894420047
frozenset({'HP 61 ink'}),frozenset({'Dust-Off Compressed Gas 2 pack'}),0.1638448206905746,0.23836821757099053,0.05265964538061592,0.3213995117982099,1.3483320682317521,0.013604247514365099,1.1223566673923893
frozenset({'Dust-Off Compressed Gas 2 pack'}),frozenset({'HP 61 ink'}),0.23836821757099053,0.1638448206905746,0.05265964538061592,0.220917225950783,1.348332068231752,0.013604247514365099,1.0732558941889825
frozenset({'Dust-Off Compressed Gas 2 pack'}),frozenset({'Apple Pencil'}),0.23836821757099053,0.17970937208372217,0.05092654312758299,0.21364653243847875,1.188844688294532,0.008089540423184209,1.0431576406218384
frozenset({'Apple Pencil'}),frozenset({'Dust-Off Compressed Gas 2 pack'}),0.17970937208372217,0.23836821757099053,0.05092654312758299,0.28338278931750743,1.188844688294532,0.008089540423184209,1.0628153651286798
frozenset({'Dust-Off Compressed Gas 2 pack'}),frozenset({'Screen Mom Screen Cleaner kit'}),0.23836821757099053,0.12958272230369283,0.04799360085321957,0.20134228187919462,1.5537741320739085,0.01710519830969167,1.0898502048466365
frozenset({'Screen Mom Screen Cleaner kit'}),frozenset({'Dust-Off Compressed Gas 2 pack'}),0.12958272230369283,0.23836821757099053,0.04799360085321957,0.3703703703703704,1.5537741320739085,0.01710519830969167,1.209650477975486
frozenset({'SanDisk Ultra 64GB card'}),frozenset({'Dust-Off Compressed Gas 2 pack'}),0.09825356619117451,0.23836821757099053,0.040927876283162246,0.41655359565807326,1.7475215442008991,0.01750734884017864,1.305401450349256
frozenset({'Dust-Off Compressed Gas 2 pack'}),frozenset({'SanDisk Ultra 64GB card'}),0.23836821757099053,0.09825356619117451,0.040927876283162246,0.17170022371364654,1.7475215442008993,0.01750734884017864,1.0886715892303713
frozenset({'VIVO Dual LCD Monitor Desk mount'}),frozenset({'SanDisk Ultra 64GB card'}),0.17411011865084655,0.09825356619117451,0.03919477403012932,0.22511485451761104,2.2911621760333793,0.022087833962715117,1.1637162475833263
frozenset({'SanDisk Ultra 64GB card'}),frozenset({'VIVO Dual LCD Monitor Desk mount'}),0.09825356619117451,0.17411011865084655,0.03919477403012932,0.3989145183175034,2.291162176033379,0.022087833962715117,1.3739973872558149
frozenset({'VIVO Dual LCD Monitor Desk mount'}),frozenset({'HP 61 ink'}),0.17411011865084655,0.1638448206905746,0.03919477403012932,0.22511485451761104,1.3739516059695691,0.010667732859366695,1.0790698262629541
frozenset({'HP 61 ink'}),frozenset({'VIVO Dual LCD Monitor Desk mount'}),0.1638448206905746,0.17411011865084655,0.03919477403012932,0.23921887713588283,1.3739516059695691,0.010667732859366695,1.085581459014021
frozenset({'Apple Pencil'}),frozenset({'VIVO Dual LCD Monitor Desk mount'}),0.17970937208372217,0.17411011865084655,0.036528462871617116,0.2032640949554896,1.1674456173515526,0.005239242775451118,1.0365917691421405
frozenset({'VIVO Dual LCD Monitor Desk mount'}),frozenset({'Apple Pencil'}),0.17411011865084655,0.17970937208372217,0.036528462871617116,0.20980091883614088,1.1674456173515524,0.005239242775451118,1.0380809690490882
frozenset({'USB 2.0 Printer cable'}),frozenset({'Apple Pencil'}),0.1709105452606319,0.17970937208372217,0.036395147313691506,0.21294851794071765,1.1849605586597352,0.005680920542416767,1.0422324925556672
frozenset({'Apple Pencil'}),frozenset({'USB 2.0 Printer cable'}),0.17970937208372217,0.1709105452606319,0.036395147313691506,0.20252225519287834,1.1849605586597352,0.005680920542416767,1.0396396139429471
frozenset({'Dust-Off Compressed Gas 2 pack'}),frozenset({'Nylon Braided Lightning to USB cable'}),0.23836821757099053,0.09532062391681109,0.03572856952406346,0.1498881431767338,1.57246288387228,0.013007162303258473,1.0641886344978566
frozenset({'Nylon Braided Lightning to USB cable'}),frozenset({'Dust-Off Compressed Gas 2 pack'}),0.09532062391681109,0.23836821757099053,0.03572856952406346,0.37482517482517486,1.57246288387228,0.013007162303258473,1.2182700770396908
frozenset({'VIVO Dual LCD Monitor Desk mount'}),frozenset({'Screen Mom Screen Cleaner kit'}),0.17411011865084655,0.12958272230369283,0.03546193840821224,0.20367534456355285,1.57177855922964,0.012900275252816583,1.0930432352609396
frozenset({'Screen Mom Screen Cleaner kit'}),frozenset({'VIVO Dual LCD Monitor Desk mount'}),0.12958272230369283,0.17411011865084655,0.03546193840821224,0.27366255144032925,1.5717785592296398,0.012900275252816583,1.1370608564750384
frozenset({'HP 61 ink'}),frozenset({'USB 2.0 Printer cable'}),0.1638448206905746,0.1709105452606319,0.03439541394480736,0.209926769731489,1.2282844771886887,0.006392606302450789,1.0493830482746482
frozenset({'USB 2.0 Printer cable'}),frozenset({'HP 61 ink'}),0.1709105452606319,0.1638448206905746,0.03439541394480736,0.20124804992199688,1.2282844771886887,0.006392606302450789,1.0468270897213705
frozenset({'Dust-Off Compressed Gas 2 pack'}),frozenset({'Stylus Pen for iPad'}),0.23836821757099053,0.09505399280095987,0.03372883615517931,0.14149888143176736,1.4886158620191963,0.011070985318208743,1.0540999745093707
frozenset({'Stylus Pen for iPad'}),frozenset({'Dust-Off Compressed Gas 2 pack'}),0.09505399280095987,0.23836821757099053,0.03372883615517931,0.3548387096774194,1.4886158620191963,0.011070985318208743,1.1805292627649648
frozenset({'HP 61 ink'}),frozenset({'Apple Pencil'}),0.1638448206905746,0.17970937208372217,0.03319557392347687,0.20260374288039054,1.1273966434316094,0.003751124078003657,1.0287114099072503
frozenset({'Apple Pencil'}),frozenset({'HP 61 ink'}),0.17970937208372217,0.1638448206905746,0.03319557392347687,0.1847181008902077,1.1273966434316094,0.003751124078003657,1.0256025311274843
frozenset({'HP 61 ink'}),frozenset({'Screen Mom Screen Cleaner kit'}),0.1638448206905746,0.12958272230369283,0.03212904946007199,0.19609438567941412,1.5132757067708698,0.010897591559626912,1.0827356622355886
frozenset({'Screen Mom Screen Cleaner kit'}),frozenset({'HP 61 ink'}),0.12958272230369283,0.1638448206905746,0.03212904946007199,0.2479423868312757,1.5132757067708698,0.010897591559626912,1.111823302720604
frozenset({'Screen Mom Screen Cleaner kit'}),frozenset({'Apple Pencil'}),0.12958272230369283,0.17970937208372217,0.03079589388081589,0.23765432098765432,1.322436989412756,0.00750866422271991,1.0760087588861296
frozenset({'Apple Pencil'}),frozenset({'Screen Mom Screen Cleaner kit'}),0.17970937208372217,0.12958272230369283,0.03079589388081589,0.17136498516320472,1.322436989412756,0.00750866422271991,1.050422999404317
frozenset({'Apple Lightning to Digital AV Adapter'}),frozenset({'Apple Pencil'}),0.0871883748833489,0.17970937208372217,0.02879616051193174,0.33027522935779813,1.8378297443715457,0.013127592408644938,1.224817512916086
frozenset({'Apple Pencil'}),frozenset({'Apple Lightning to Digital AV Adapter'}),0.17970937208372217,0.0871883748833489,0.02879616051193174,0.1602373887240356,1.8378297443715457,0.013127592408644938,1.0869876949268955
frozenset({'Apple USB-C Charger cable'}),frozenset({'USB 2.0 Printer cable'}),0.13211571790427942,0.1709105452606319,0.028529529396080524,0.21594349142280528,1.263488400282732,0.005949560011560297,1.0574358425311634
frozenset({'USB 2.0 Printer cable'}),frozenset({'Apple USB-C Charger cable'}),0.1709105452606319,0.13211571790427942,0.028529529396080524,0.1669266770670827,1.263488400282732,0.005949560011560297,1.0417861888077844
frozenset({'Nylon Braided Lightning to USB cable'}),frozenset({'VIVO Dual LCD Monitor Desk mount'}),0.09532062391681109,0.17411011865084655,0.027862951606452472,0.29230769230769227,1.678866768759571,0.011266666466423773,1.1670183106020646
frozenset({'VIVO Dual LCD Monitor Desk mount'}),frozenset({'Nylon Braided Lightning to USB cable'}),0.17411011865084655,0.09532062391681109,0.027862951606452472,0.16003062787136293,1.678866768759571,0.011266666466423773,1.0770385279531858
frozenset({'FEIYOLD Blue light Blocking Glasses'}),frozenset({'Dust-Off Compressed Gas 2 pack'}),0.0658578856152513,0.23836821757099053,0.027596320490601255,0.4190283400809717,1.7579035676439423,0.011897893683499625,1.3109620227175287
frozenset({'Dust-Off Compressed Gas 2 pack'}),frozenset({'FEIYOLD Blue light Blocking Glasses'}),0.23836821757099053,0.0658578856152513,0.027596320490601255,0.11577181208053693,1.7579035676439423,0.011897893683499625,1.0564491464389187
frozenset({'Dust-Off Compressed Gas 2 pack'}),frozenset({'Syntech USB C to USB Adapter'}),0.23836821757099053,0.08105585921877083,0.027463004932675644,0.11521252796420582,1.4213966649005063,0.0081418642470121,1.0386043765593158
frozenset({'Syntech USB C to USB Adapter'}),frozenset({'Dust-Off Compressed Gas 2 pack'}),0.08105585921877083,0.23836821757099053,0.027463004932675644,0.33881578947368424,1.4213966649005065,0.0081418642470121,1.1519207057632783
frozenset({'VIVO Dual LCD Monitor Desk mount'}),frozenset({'Apple USB-C Charger cable'}),0.17411011865084655,0.13211571790427942,0.026529796027196375,0.15237366003062788,1.153334837426579,0.0035271127072405116,1.023899613746171
frozenset({'Apple USB-C Charger cable'}),frozenset({'VIVO Dual LCD Monitor Desk mount'}),0.13211571790427942,0.17411011865084655,0.026529796027196375,0.2008072653884965,1.153334837426579,0.0035271127072405116,1.0334051419406705
frozenset({'Apple USB-C Charger cable'}),frozenset({'Apple Pencil'}),0.13211571790427942,0.17970937208372217,0.025463271563791495,0.1927346115035318,1.0724794665341186,0.0017208388568232674,1.0161350153312891
frozenset({'Apple Pencil'}),frozenset({'Apple USB-C Charger cable'}),0.17970937208372217,0.13211571790427942,0.025463271563791495,0.14169139465875372,1.0724794665341189,0.0017208388568232674,1.0111564496672698
frozenset({'VIVO Dual LCD Monitor Desk mount'}),frozenset({'Stylus Pen for iPad'}),0.17411011865084655,0.09505399280095987,0.025196640447940274,0.1447166921898928,1.522468314328732,0.008646778483128437,1.0580657881843747
frozenset({'Stylus Pen for iPad'}),frozenset({'VIVO Dual LCD Monitor Desk mount'}),0.09505399280095987,0.17411011865084655,0.025196640447940274,0.2650771388499299,1.522468314328732,0.008646778483128437,1.1237776438968443
frozenset({'Apple Lightning to Digital AV Adapter'}),frozenset({'Dust-Off Compressed Gas 2 pack'}),0.0871883748833489,0.23836821757099053,0.024396747100386616,0.2798165137614679,1.1738834841861134,0.0036138095865314197,1.057552411270854
frozenset({'Dust-Off Compressed Gas 2 pack'}),frozenset({'Apple Lightning to Digital AV Adapter'}),0.23836821757099053,0.0871883748833489,0.024396747100386616,0.10234899328859061,1.1738834841861132,0.0036138095865314197,1.0168892122794844
frozenset({'Dust-Off Compressed Gas 2 pack'}),frozenset({'Anker USB C to HDMI Adapter'}),0.23836821757099053,0.06839088121583789,0.024396747100386616,0.10234899328859061,1.4965298219448697,0.008094534646858002,1.0378299715801134
frozenset({'Anker USB C to HDMI Adapter'}),frozenset({'Dust-Off Compressed Gas 2 pack'}),0.06839088121583789,0.23836821757099053,0.024396747100386616,0.3567251461988304,1.4965298219448695,0.008094534646858002,1.1839912254123692
frozenset({'Dust-Off Compressed Gas 2 pack'}),frozenset({'TopMate C5 Laptop Cooler pad'}),0.23836821757099053,0.07652313024930009,0.023996800426609784,0.10067114093959731,1.315564857470243,0.005756118266131375,1.0268511462153305
frozenset({'TopMate C5 Laptop Cooler pad'}),frozenset({'Dust-Off Compressed Gas 2 pack'}),0.07652313024930009,0.23836821757099053,0.023996800426609784,0.313588850174216,1.315564857470243,0.005756118266131375,1.1095853886148515
frozenset({'Screen Mom Screen Cleaner kit'}),frozenset({'USB 2.0 Printer cable'}),0.12958272230369283,0.1709105452606319,0.023730169310758567,0.18312757201646093,1.0714819950822727,0.001583115585477378,1.014955856431569
frozenset({'USB 2.0 Printer cable'}),frozenset({'Screen Mom Screen Cleaner kit'}),0.1709105452606319,0.12958272230369283,0.023730169310758567,0.1388455538221529,1.0714819950822727,0.001583115585477378,1.010756295295893
frozenset({'Screen Mom Screen Cleaner kit'}),frozenset({'Nylon Braided Lightning to USB cable'}),0.12958272230369283,0.09532062391681109,0.023596853752832957,0.1820987654320988,1.9103815937149273,0.011244947814006083,1.1060985579281253
frozenset({'Nylon Braided Lightning to USB cable'}),frozenset({'Screen Mom Screen Cleaner kit'}),0.09532062391681109,0.12958272230369283,0.023596853752832957,0.24755244755244757,1.9103815937149273,0.011244947814006083,1.1567813263064306
frozenset({'Dust-Off Compressed Gas 2 pack'}),frozenset({'Logitech M510 Wireless mouse'}),0.23836821757099053,0.07145713904812692,0.023596853752832957,0.09899328859060404,1.385351973354703,0.006563742885208515,1.0305615365499374
frozenset({'Logitech M510 Wireless mouse'}),frozenset({'Dust-Off Compressed Gas 2 pack'}),0.07145713904812692,0.23836821757099053,0.023596853752832957,0.3302238805970149,1.385351973354703,0.006563742885208515,1.1371438311474906
frozenset({'Apple USB-C Charger cable'}),frozenset({'HP 61 ink'}),0.13211571790427942,0.1638448206905746,0.023463538194907346,0.17759838546922302,1.0839426276685449,0.0018170620844741477,1.0167236597492522
frozenset({'HP 61 ink'}),frozenset({'Apple USB-C Charger cable'}),0.1638448206905746,0.13211571790427942,0.023463538194907346,0.14320585842148087,1.0839426276685449,0.0018170620844741477,1.012943763243723
frozenset({'Dust-Off Compressed Gas 2 pack'}),frozenset({'10ft iPHone Charger Cable 2 Pack'}),0.23836821757099053,0.05052659645380616,0.023063591521130515,0.09675615212527965,1.9149548735929356,0.01101965678450801,1.051181700025136
frozenset({'HP 61 ink'}),frozenset({'SanDisk Ultra 64GB card'}),0.1638448206905746,0.09825356619117451,0.023063591521130515,0.1407648494711147,1.4326691124597442,0.0069652535863280254,1.049475726468794
frozenset({'SanDisk Ultra 64GB card'}),frozenset({'HP 61 ink'}),0.09825356619117451,0.1638448206905746,0.023063591521130515,0.23473541383989144,1.4326691124597442,0.0069652535863280254,1.0926354027500824
frozenset({'10ft iPHone Charger Cable 2 Pack'}),frozenset({'Dust-Off Compressed Gas 2 pack'}),0.05052659645380616,0.23836821757099053,0.023063591521130515,0.45646437994722955,1.9149548735929356,0.01101965678450801,1.4012545900028865
frozenset({'HP 61 ink'}),frozenset({'Nylon Braided Lightning to USB cable'}),0.1638448206905746,0.09532062391681109,0.022930275963204905,0.13995117982099267,1.468215104667505,0.007312485429441294,1.0518930493909548
frozenset({'Nylon Braided Lightning to USB cable'}),frozenset({'HP 61 ink'}),0.09532062391681109,0.1638448206905746,0.022930275963204905,0.24055944055944053,1.4682151046675047,0.007312485429441294,1.1010146467886541
frozenset({'VIVO Dual LCD Monitor Desk mount'}),frozenset({'FEIYOLD Blue light Blocking Glasses'}),0.17411011865084655,0.0658578856152513,0.022930275963204905,0.13169984686064318,1.9997582010155557,0.01146375168463962,1.0758285726512185
frozenset({'FEIYOLD Blue light Blocking Glasses'}),frozenset({'VIVO Dual LCD Monitor Desk mount'}),0.0658578856152513,0.17411011865084655,0.022930275963204905,0.3481781376518219,1.999758201015556,0.01146375168463962,1.267048451510813
frozenset({'Dust-Off Compressed Gas 2 pack'}),frozenset({'Falcon Dust Off Compressed Gas'}),0.23836821757099053,0.05999200106652446,0.022796960405279298,0.09563758389261746,1.5941722595078303,0.0084967740425349,1.0394151528095574
frozenset({'Falcon Dust Off Compressed Gas'}),frozenset({'Dust-Off Compressed Gas 2 pack'}),0.05999200106652446,0.23836821757099053,0.022796960405279298,0.38000000000000006,1.5941722595078303,0.0084967740425349,1.2284383587564671
frozenset({'SanDisk Ultra 64GB card'}),frozenset({'Screen Mom Screen Cleaner kit'}),0.09825356619117451,0.12958272230369283,0.021997067057725635,0.22388059701492538,1.7277040722314356,0.009265102474627166,1.121499184724088
frozenset({'Screen Mom Screen Cleaner kit'}),frozenset({'SanDisk Ultra 64GB card'}),0.12958272230369283,0.09825356619117451,0.021997067057725635,0.1697530864197531,1.7277040722314354,0.009265102474627166,1.0861183812418567
frozenset({'USB 2.0 Printer cable'}),frozenset({'Apple Lightning to Digital AV Adapter'}),0.1709105452606319,0.0871883748833489,0.021997067057725635,0.12870514820592824,1.4761732671141707,0.007095654366024093,1.0476495106531305
frozenset({'Apple Lightning to Digital AV Adapter'}),frozenset({'USB 2.0 Printer cable'}),0.0871883748833489,0.1709105452606319,0.021997067057725635,0.25229357798165136,1.4761732671141707,0.007095654366024093,1.1088435652342468
frozenset({'Stylus Pen for iPad'}),frozenset({'Apple Pencil'}),0.09505399280095987,0.17970937208372217,0.021730435941874418,0.2286115007012623,1.2721178536796502,0.004648342581563273,1.0633949412805566
frozenset({'Apple Pencil'}),frozenset({'Stylus Pen for iPad'}),0.17970937208372217,0.09505399280095987,0.021730435941874418,0.12091988130563798,1.27211785367965,0.004648342581563273,1.0294238124086972
frozenset({'Apple Pencil'}),frozenset({'Nylon Braided Lightning to USB cable'}),0.17970937208372217,0.09532062391681109,0.021730435941874418,0.12091988130563798,1.2685594820609658,0.004600426471155668,1.029120505451594
frozenset({'Nylon Braided Lightning to USB cable'}),frozenset({'Apple Pencil'}),0.09532062391681109,0.17970937208372217,0.021730435941874418,0.22797202797202798,1.2685594820609658,0.004600426471155668,1.0625141285509758
frozenset({'VIVO Dual LCD Monitor Desk mount'}),frozenset({'Apple Lightning to Digital AV Adapter'}),0.17411011865084655,0.0871883748833489,0.021463804826023197,0.12327718223583461,1.4139176513012162,0.006283426530108832,1.0411633034081629
frozenset({'Apple Lightning to Digital AV Adapter'}),frozenset({'VIVO Dual LCD Monitor Desk mount'}),0.0871883748833489,0.17411011865084655,0.021463804826023197,0.24617737003058102,1.4139176513012162,0.006283426530108832,1.0956023983820413
frozenset({'VIVO Dual LCD Monitor Desk mount'}),frozenset({'Logitech M510 Wireless mouse'}),0.17411011865084655,0.07145713904812692,0.021197173710171976,0.1217457886676876,1.7037596283513519,0.008755762752052558,1.057259787622621
frozenset({'Logitech M510 Wireless mouse'}),frozenset({'VIVO Dual LCD Monitor Desk mount'}),0.07145713904812692,0.17411011865084655,0.021197173710171976,0.2966417910447761,1.7037596283513519,0.008755762752052558,1.174209486480494
frozenset({'VIVO Dual LCD Monitor Desk mount'}),frozenset({'Anker USB C to HDMI Adapter'}),0.17411011865084655,0.06839088121583789,0.020930542594320756,0.12021439509954057,1.7577547322449392,0.009022998151195267,1.0589047076867848
frozenset({'Anker USB C to HDMI Adapter'}),frozenset({'VIVO Dual LCD Monitor Desk mount'}),0.06839088121583789,0.17411011865084655,0.020930542594320756,0.3060428849902534,1.7577547322449394,0.009022998151195267,1.1901165986857183
frozenset({'Dust-Off Compressed Gas 2 pack'}),frozenset({'SanDisk Ultra 128GB card'}),0.23836821757099053,0.06332489001466471,0.020263964804692707,0.08501118568232663,1.342460850111857,0.0051693236440180645,1.023701159323826
frozenset({'SanDisk Ultra 128GB card'}),frozenset({'Dust-Off Compressed Gas 2 pack'}),0.06332489001466471,0.23836821757099053,0.020263964804692707,0.32,1.342460850111857,0.0051693236440180645,1.1200467388661905
frozenset({'HP 62XL Tri-Color ink'}),frozenset({'Dust-Off Compressed Gas 2 pack'}),0.058525529929342755,0.23836821757099053,0.020130649246767097,0.3439635535307517,1.4429925140012128,0.006180022995112005,1.1609595572442193
frozenset({'Dust-Off Compressed Gas 2 pack'}),frozenset({'HP 62XL Tri-Color ink'}),0.23836821757099053,0.058525529929342755,0.020130649246767097,0.08445190156599552,1.4429925140012128,0.006180022995112005,1.0283178695701496
frozenset({'Dust-Off Compressed Gas 2 pack'}),frozenset({'Premium Nylon USB Cable'}),0.23836821757099053,0.0510598586855086,0.020130649246767097,0.08445190156599552,1.653978364612356,0.007959601742475753,1.0364721885585282
frozenset({'Premium Nylon USB Cable'}),frozenset({'Dust-Off Compressed Gas 2 pack'}),0.0510598586855086,0.23836821757099053,0.020130649246767097,0.3942558746736292,1.6539783646123563,0.007959601742475753,1.2573490201306492
frozenset({'Stylus Pen for iPad'}),frozenset({'USB 2.0 Printer cable'}),0.09505399280095987,0.1709105452606319,0.020130649246767097,0.211781206171108,1.2391348108342286,0.0038849195079548662,1.0518519238953192
frozenset({'USB 2.0 Printer cable'}),frozenset({'Stylus Pen for iPad'}),0.1709105452606319,0.09505399280095987,0.020130649246767097,0.11778471138845555,1.2391348108342286,0.0038849195079548662,1.0257655006447122
frozenset({'SanDisk Ultra 64GB card'}),frozenset({'Apple Pencil'}),0.09825356619117451,0.17970937208372217,0.019997333688841486,0.20352781546811397,1.132538682363741,0.0023402470036390823,1.0299049280652415
frozenset({'Apple Pencil'}),frozenset({'SanDisk Ultra 64GB card'}),0.17970937208372217,0.09825356619117451,0.019997333688841486,0.11127596439169138,1.132538682363741,0.0023402470036390823,1.0146529155044213
frozenset({'HP 61 ink'}),frozenset({'Stylus Pen for iPad'}),0.1638448206905746,0.09505399280095987,0.01986401813091588,0.12123677786818551,1.2754517121868998,0.00428991372451944,1.0297950396737225
frozenset({'Stylus Pen for iPad'}),frozenset({'HP 61 ink'}),0.09505399280095987,0.1638448206905746,0.01986401813091588,0.20897615708274897,1.2754517121868998,0.00428991372451944,1.057054331290107
frozenset({'Cat8 Ethernet Cable'}),frozenset({'Apple Pencil'}),0.06252499666711105,0.17970937208372217,0.01946407145713905,0.31130063965884863,1.7322448798820649,0.0082277435665557,1.1910721501323045
frozenset({'Apple Pencil'}),frozenset({'Cat8 Ethernet Cable'}),0.17970937208372217,0.06252499666711105,0.01946407145713905,0.10830860534124628,1.7322448798820649,0.0082277435665557,1.051344679278481
frozenset({'Cat8 Ethernet Cable'}),frozenset({'Dust-Off Compressed Gas 2 pack'}),0.06252499666711105,0.23836821757099053,0.019197440341287828,0.3070362473347548,1.288075442538029,0.004293468332116444,1.0990932491052476
frozenset({'Dust-Off Compressed Gas 2 pack'}),frozenset({'Cat8 Ethernet Cable'}),0.23836821757099053,0.06252499666711105,0.019197440341287828,0.08053691275167785,1.288075442538029,0.004293468332116444,1.0195896021649669
frozenset({'Apple Pencil'}),frozenset({'Syntech USB C to USB Adapter'}),0.17970937208372217,0.08105585921877083,0.019064124783362217,0.10608308605341245,1.308765178431985,0.004497627219450328,1.027997262882238
frozenset({'Syntech USB C to USB Adapter'}),frozenset({'Apple Pencil'}),0.08105585921877083,0.17970937208372217,0.019064124783362217,0.23519736842105263,1.308765178431985,0.004497627219450328,1.0725520468238643
frozenset({'USB 2.0 Printer cable'}),frozenset({'Nylon Braided Lightning to USB cable'}),0.1709105452606319,0.09532062391681109,0.019064124783362217,0.11154446177847115,1.1702028081123246,0.0027728249751564037,1.018260720051491
frozenset({'Nylon Braided Lightning to USB cable'}),frozenset({'USB 2.0 Printer cable'}),0.09532062391681109,0.1709105452606319,0.019064124783362217,0.19999999999999998,1.1702028081123246,0.0027728249751564037,1.03636181842421
frozenset({'Syntech USB C to USB Adapter'}),frozenset({'VIVO Dual LCD Monitor Desk mount'}),0.08105585921877083,0.17411011865084655,0.018130915877882948,0.2236842105263158,1.2847283791408077,0.004018270611956445,1.0638581522463673
frozenset({'VIVO Dual LCD Monitor Desk mount'}),frozenset({'Syntech USB C to USB Adapter'}),0.17411011865084655,0.08105585921877083,0.018130915877882948,0.10413476263399693,1.2847283791408075,0.004018270611956445,1.0257615793677652
frozenset({'HP 61 ink'}),frozenset({'Logitech M510 Wireless mouse'}),0.1638448206905746,0.07145713904812692,0.017997600319957337,0.1098454027664768,1.5372208323719074,0.0062897181855555255,1.0431253894971226
frozenset({'Logitech M510 Wireless mouse'}),frozenset({'HP 61 ink'}),0.07145713904812692,0.1638448206905746,0.017997600319957337,0.251865671641791,1.5372208323719074,0.0062897181855555255,1.1176538057602294
frozenset({'Apple Lightning to Digital AV Adapter'}),frozenset({'Screen Mom Screen Cleaner kit'}),0.0871883748833489,0.12958272230369283,0.01786428476203173,0.20489296636085627,1.581175041844427,0.0065661777914124645,1.0947171146411248
frozenset({'Screen Mom Screen Cleaner kit'}),frozenset({'Apple Lightning to Digital AV Adapter'}),0.12958272230369283,0.0871883748833489,0.01786428476203173,0.13786008230452676,1.5811750418444268,0.0065661777914124645,1.058774343214063
frozenset({'Syntech USB C to USB Adapter'}),frozenset({'USB 2.0 Printer cable'}),0.08105585921877083,0.1709105452606319,0.01786428476203173,0.22039473684210528,1.289532699729042,0.004010983666382591,1.0634733934209617
frozenset({'USB 2.0 Printer cable'}),frozenset({'Syntech USB C to USB Adapter'}),0.1709105452606319,0.08105585921877083,0.01786428476203173,0.1045241809672387,1.289532699729042,0.004010983666382591,1.0262076554717212
frozenset({'Screen Mom Screen Cleaner kit'}),frozenset({'Logitech M510 Wireless mouse'}),0.12958272230369283,0.07145713904812692,0.01759765364618051,0.1358024691358025,1.9004744794545791,0.008338043040290713,1.0744567391014532
frozenset({'Apple USB-C Charger cable'}),frozenset({'Screen Mom Screen Cleaner kit'}),0.13211571790427942,0.12958272230369283,0.01759765364618051,0.13319878910191726,1.027905470219631,0.0004777392610372487,1.0041717371327594
frozenset({'Screen Mom Screen Cleaner kit'}),frozenset({'Apple USB-C Charger cable'}),0.12958272230369283,0.13211571790427942,0.01759765364618051,0.1358024691358025,1.0279054702196313,0.0004777392610372487,1.0042660978536195
frozenset({'HP 61 ink'}),frozenset({'HP 63XL Ink'}),0.1638448206905746,0.0793227569657379,0.01759765364618051,0.10740439381611065,1.3540174084279766,0.0046010307544471565,1.0314606487594422
frozenset({'HP 63XL Ink'}),frozenset({'HP 61 ink'}),0.0793227569657379,0.1638448206905746,0.01759765364618051,0.22184873949579834,1.3540174084279766,0.0046010307544471565,1.0745406731946179
frozenset({'Logitech M510 Wireless mouse'}),frozenset({'Screen Mom Screen Cleaner kit'}),0.07145713904812692,0.12958272230369283,0.01759765364618051,0.2462686567164179,1.900474479454579,0.008338043040290713,1.1548110416960906
frozenset({'Dust-Off Compressed Gas 2 pack'}),frozenset({'SAMSUNG EVO 32GB card'}),0.23836821757099053,0.0523930142647647,0.0174643380882549,0.0732662192393736,1.3983967188665174,0.004975508664791458,1.0225234100751965
frozenset({'SAMSUNG EVO 32GB card'}),frozenset({'Dust-Off Compressed Gas 2 pack'}),0.0523930142647647,0.23836821757099053,0.0174643380882549,0.3333333333333333,1.3983967188665174,0.004975508664791458,1.142447673643514
frozenset({'Apple Lightning to Digital AV Adapter'}),frozenset({'Apple USB-C Charger cable'}),0.0871883748833489,0.13211571790427942,0.0174643380882549,0.2003058103975535,1.5161391360161947,0.005945383347633816,1.0852702112630999
frozenset({'Apple USB-C Charger cable'}),frozenset({'Apple Lightning to Digital AV Adapter'}),0.13211571790427942,0.0871883748833489,0.0174643380882549,0.13218970736629668,1.5161391360161947,0.005945383347633816,1.0518561866169782
frozenset({'Falcon Dust Off Compressed Gas'}),frozenset({'VIVO Dual LCD Monitor Desk mount'}),0.05999200106652446,0.17411011865084655,0.01719770697240368,0.2866666666666667,1.6464675855028077,0.006752492548609391,1.1577895532932057
frozenset({'VIVO Dual LCD Monitor Desk mount'}),frozenset({'Falcon Dust Off Compressed Gas'}),0.17411011865084655,0.05999200106652446,0.01719770697240368,0.09877488514548238,1.6464675855028075,0.006752492548609391,1.0430335145345107
frozenset({'FEIYOLD Blue light Blocking Glasses'}),frozenset({'Screen Mom Screen Cleaner kit'}),0.0658578856152513,0.12958272230369283,0.017064391414478068,0.2591093117408907,1.9995668182802688,0.008530347311288593,1.1748255059616823
frozenset({'SanDisk Ultra 64GB card'}),"frozenset({'VIVO Dual LCD Monitor Desk mount', 'Dust-Off Compressed Gas 2 pack'})",0.09825356619117451,0.05972536995067324,0.017064391414478068,0.17367706919945725,2.90792789300252,0.01119616082473721,1.1379021384997599
frozenset({'3A USB Type C Cable 3 pack 6FT'}),frozenset({'Dust-Off Compressed Gas 2 pack'}),0.04252766297826956,0.23836821757099053,0.017064391414478068,0.4012539184952978,1.6833364891684726,0.006927148192888149,1.2720447046850996
frozenset({'Dust-Off Compressed Gas 2 pack'}),frozenset({'3A USB Type C Cable 3 pack 6FT'}),0.23836821757099053,0.04252766297826956,0.017064391414478068,0.07158836689038031,1.6833364891684726,0.006927148192888149,1.0313015292740084
frozenset({'Screen Mom Screen Cleaner kit'}),frozenset({'FEIYOLD Blue light Blocking Glasses'}),0.12958272230369283,0.0658578856152513,0.017064391414478068,0.13168724279835392,1.9995668182802688,0.008530347311288593,1.0758129563767487
frozenset({'Apple Lightning to Digital AV Adapter'}),frozenset({'HP 61 ink'}),0.0871883748833489,0.1638448206905746,0.017064391414478068,0.19571865443425074,1.1945367183981406,0.0027790277654131702,1.0396302039322514
frozenset({'Dust-Off Compressed Gas 2 pack'}),"frozenset({'VIVO Dual LCD Monitor Desk mount', 'SanDisk Ultra 64GB card'})",0.23836821757099053,0.03919477403012932,0.017064391414478068,0.07158836689038031,1.8264773470909617,0.007721602990818394,1.0348914120687522
frozenset({'HP 61 ink'}),frozenset({'Apple Lightning to Digital AV Adapter'}),0.1638448206905746,0.0871883748833489,0.017064391414478068,0.10414971521562244,1.1945367183981406,0.0027790277654131702,1.01893323094311
frozenset({'VIVO Dual LCD Monitor Desk mount'}),"frozenset({'SanDisk Ultra 64GB card', 'Dust-Off Compressed Gas 2 pack'})",0.17411011865084655,0.040927876283162246,0.017064391414478068,0.09800918836140887,2.3946805273580716,0.009938434018689522,1.063283695733608
"frozenset({'SanDisk Ultra 64GB card', 'Dust-Off Compressed Gas 2 pack'})",frozenset({'VIVO Dual LCD Monitor Desk mount'}),0.040927876283162246,0.17411011865084655,0.017064391414478068,0.41693811074918563,2.3946805273580716,0.009938434018689522,1.416470355163073
"frozenset({'VIVO Dual LCD Monitor Desk mount', 'Dust-Off Compressed Gas 2 pack'})",frozenset({'SanDisk Ultra 64GB card'}),0.05972536995067324,0.09825356619117451,0.017064391414478068,0.2857142857142857,2.90792789300252,0.01119616082473721,1.2624450073323557
"frozenset({'VIVO Dual LCD Monitor Desk mount', 'SanDisk Ultra 64GB card'})",frozenset({'Dust-Off Compressed Gas 2 pack'}),0.03919477403012932,0.23836821757099053,0.017064391414478068,0.4353741496598639,1.8264773470909614,0.007721602990818394,1.3489141206875228
frozenset({'Dust-Off Compressed Gas 2 pack'}),frozenset({'SanDisk 128GB Ultra microSDXC card'}),0.23836821757099053,0.04946007199040128,0.017064391414478068,0.07158836689038031,1.447397142977743,0.00527468221319324,1.0238345730609413
frozenset({'SanDisk 128GB Ultra microSDXC card'}),frozenset({'Dust-Off Compressed Gas 2 pack'}),0.04946007199040128,0.23836821757099053,0.017064391414478068,0.34501347708894875,1.447397142977743,0.00527468221319324,1.1628205402516978
frozenset({'SanDisk Ultra 64GB card'}),frozenset({'Nylon Braided Lightning to USB cable'}),0.09825356619117451,0.09532062391681109,0.01693107585655246,0.17232021709633652,1.8077957320833848,0.007565484625158011,1.0930306560218201
frozenset({'Nylon Braided Lightning to USB cable'}),frozenset({'SanDisk Ultra 64GB card'}),0.09532062391681109,0.09825356619117451,0.01693107585655246,0.17762237762237765,1.807795732083385,0.007565484625158011,1.0965113948525684
frozenset({'Apple Pencil'}),frozenset({'TopMate C5 Laptop Cooler pad'}),0.17970937208372217,0.07652313024930009,0.01679776029862685,0.09347181008902078,1.2214844032713326,0.0030458366116442454,1.0186962523927525
frozenset({'TopMate C5 Laptop Cooler pad'}),frozenset({'Apple Pencil'}),0.07652313024930009,0.17970937208372217,0.01679776029862685,0.21951219512195125,1.2214844032713326,0.0030458366116442454,1.0509973670177308
frozenset({'Logitech M510 Wireless mouse'}),frozenset({'Nylon Braided Lightning to USB cable'}),0.07145713904812692,0.09532062391681109,0.01666444474070124,0.23320895522388058,2.44657394843962,0.009853105663323458,1.1798251717289276
frozenset({'Nylon Braided Lightning to USB cable'}),frozenset({'Logitech M510 Wireless mouse'}),0.09532062391681109,0.07145713904812692,0.01666444474070124,0.17482517482517482,2.4465739484396196,0.009853105663323458,1.1252680433569309
frozenset({'SAMSUNG EVO 32GB card'}),frozenset({'VIVO Dual LCD Monitor Desk mount'}),0.0523930142647647,0.17411011865084655,0.01653112918277563,0.3155216284987277,1.8121958157495839,0.007408975252661952,1.2065974846476477
frozenset({'Stylus Pen for iPad'}),frozenset({'Screen Mom Screen Cleaner kit'}),0.09505399280095987,0.12958272230369283,0.01653112918277563,0.17391304347826086,1.3421005546609412,0.004213774029791629,1.0536630203692139
frozenset({'Screen Mom Screen Cleaner kit'}),frozenset({'Stylus Pen for iPad'}),0.12958272230369283,0.09505399280095987,0.01653112918277563,0.12757201646090535,1.3421005546609412,0.004213774029791629,1.0372730176856921
frozenset({'VIVO Dual LCD Monitor Desk mount'}),frozenset({'SAMSUNG EVO 32GB card'}),0.17411011865084655,0.0523930142647647,0.01653112918277563,0.09494640122511486,1.812195815749584,0.007408975252661952,1.0470175324621127
frozenset({'Cat8 Ethernet Cable'}),frozenset({'VIVO Dual LCD Monitor Desk mount'}),0.06252499666711105,0.17411011865084655,0.01653112918277563,0.26439232409381663,1.5185350865449607,0.00564489459442114,1.1227314618920377
frozenset({'VIVO Dual LCD Monitor Desk mount'}),frozenset({'Cat8 Ethernet Cable'}),0.17411011865084655,0.06252499666711105,0.01653112918277563,0.09494640122511486,1.5185350865449607,0.00564489459442114,1.0358226348162038
frozenset({'Stylus Pen for iPad'}),frozenset({'Apple USB-C Charger cable'}),0.09505399280095987,0.13211571790427942,0.01639781362485002,0.17251051893408134,1.3057531811549385,0.0038396871262829976,1.0488160900580488
frozenset({'Apple USB-C Charger cable'}),frozenset({'Stylus Pen for iPad'}),0.13211571790427942,0.09505399280095987,0.01639781362485002,0.124117053481332,1.3057531811549388,0.0038396871262829976,1.0331814437030515
frozenset({'HP 61 ink'}),frozenset({'FEIYOLD Blue light Blocking Glasses'}),0.1638448206905746,0.0658578856152513,0.01639781362485002,0.1000813669650122,1.5196565457582116,0.005607340165158799,1.0380295285523111
frozenset({'FEIYOLD Blue light Blocking Glasses'}),frozenset({'HP 61 ink'}),0.0658578856152513,0.1638448206905746,0.01639781362485002,0.24898785425101214,1.5196565457582114,0.005607340165158799,1.1133710473823615
frozenset({'USB 2.0 Printer cable'}),frozenset({'HP 63XL Ink'}),0.1709105452606319,0.0793227569657379,0.01639781362485002,0.09594383775351015,1.2095373562841674,0.0028407179802591685,1.0183850091198654
frozenset({'HP 63XL Ink'}),frozenset({'USB 2.0 Printer cable'}),0.0793227569657379,0.1709105452606319,0.01639781362485002,0.20672268907563024,1.2095373562841674,0.0028407179802591685,1.0451445456989914
frozenset({'VIVO Dual LCD Monitor Desk mount'}),frozenset({'SanDisk 128GB Ultra microSDXC card'}),0.17411011865084655,0.04946007199040128,0.01626449806692441,0.09341500765696784,1.8886953434903389,0.007652999064196229,1.0484840759970744
frozenset({'SanDisk 128GB Ultra microSDXC card'}),frozenset({'VIVO Dual LCD Monitor Desk mount'}),0.04946007199040128,0.17411011865084655,0.01626449806692441,0.32884097035040427,1.8886953434903389,0.007652999064196229,1.2305427549419112
frozenset({'Nylon Braided Lightning to USB cable'}),frozenset({'Anker USB C to HDMI Adapter'}),0.09532062391681109,0.06839088121583789,0.0161311825089988,0.1692307692307692,2.4744639376218323,0.009612121041284616,1.1213813466846394
frozenset({'Anker USB C to HDMI Adapter'}),frozenset({'Nylon Braided Lightning to USB cable'}),0.06839088121583789,0.09532062391681109,0.0161311825089988,0.23586744639376217,2.4744639376218323,0.009612121041284616,1.1839298977823367
frozenset({'SanDisk 128GB Ultra microSDXC card'}),frozenset({'SanDisk Ultra 64GB card'}),0.04946007199040128,0.09825356619117451,0.015997866951073192,0.3234501347708895,3.2919938411349285,0.011138238493944044,1.3328602667054752
frozenset({'SanDisk Ultra 64GB card'}),frozenset({'SanDisk 128GB Ultra microSDXC card'}),0.09825356619117451,0.04946007199040128,0.015997866951073192,0.1628222523744912,3.291993841134928,0.011138238493944044,1.1354099302156795
frozenset({'VIVO Dual LCD Monitor Desk mount'}),frozenset({'Premium Nylon USB Cable'}),0.17411011865084655,0.0510598586855086,0.01586455139314758,0.09111791730474733,1.7845313255950646,0.006974513339118221,1.0440739886745796
frozenset({'Premium Nylon USB Cable'}),frozenset({'VIVO Dual LCD Monitor Desk mount'}),0.0510598586855086,0.17411011865084655,0.01586455139314758,0.31070496083550914,1.7845313255950643,0.006974513339118221,1.1981660021088096
"frozenset({'VIVO Dual LCD Monitor Desk mount', 'HP 61 ink'})",frozenset({'Dust-Off Compressed Gas 2 pack'}),0.03919477403012932,0.23836821757099053,0.01586455139314758,0.40476190476190477,1.6980531586236285,0.006521762969487907,1.2795413944807361
"frozenset({'VIVO Dual LCD Monitor Desk mount', 'Dust-Off Compressed Gas 2 pack'})",frozenset({'HP 61 ink'}),0.05972536995067324,0.1638448206905746,0.01586455139314758,0.265625,1.621198637103336,0.006078858862901292,1.1385942867192176
"frozenset({'HP 61 ink', 'Dust-Off Compressed Gas 2 pack'})",frozenset({'VIVO Dual LCD Monitor Desk mount'}),0.05265964538061592,0.17411011865084655,0.01586455139314758,0.3012658227848101,1.7303177157035687,0.00669597428781704,1.1819800838149117
frozenset({'VIVO Dual LCD Monitor Desk mount'}),"frozenset({'HP 61 ink', 'Dust-Off Compressed Gas 2 pack'})",0.17411011865084655,0.05265964538061592,0.01586455139314758,0.09111791730474733,1.730317715703569,0.00669597428781704,1.0423138189830798
frozenset({'HP 61 ink'}),"frozenset({'VIVO Dual LCD Monitor Desk mount', 'Dust-Off Compressed Gas 2 pack'})",0.1638448206905746,0.05972536995067324,0.01586455139314758,0.096826688364524,1.621198637103336,0.006078858862901292,1.041078847144705
frozenset({'Dust-Off Compressed Gas 2 pack'}),"frozenset({'VIVO Dual LCD Monitor Desk mount', 'HP 61 ink'})",0.23836821757099053,0.03919477403012932,0.01586455139314758,0.06655480984340045,1.6980531586236285,0.006521762969487907,1.0293108112846787
frozenset({'Screen Mom Screen Cleaner kit'}),"frozenset({'VIVO Dual LCD Monitor Desk mount', 'Dust-Off Compressed Gas 2 pack'})",0.12958272230369283,0.05972536995067324,0.01573123583522197,0.12139917695473253,2.0326232730746625,0.00799185980641856,1.070195480571365
frozenset({'Dust-Off Compressed Gas 2 pack'}),"frozenset({'VIVO Dual LCD Monitor Desk mount', 'Screen Mom Screen Cleaner kit'})",0.23836821757099053,0.03546193840821224,0.01573123583522197,0.06599552572706936,1.8610242048073204,0.0072782367852441705,1.03269105037492
frozenset({'VIVO Dual LCD Monitor Desk mount'}),"frozenset({'Dust-Off Compressed Gas 2 pack', 'Screen Mom Screen Cleaner kit'})",0.17411011865084655,0.04799360085321957,0.01573123583522197,0.09035222052067382,1.8825889059043732,0.007375064296186541,1.0465659573111912
"frozenset({'Dust-Off Compressed Gas 2 pack', 'Screen Mom Screen Cleaner kit'})",frozenset({'VIVO Dual LCD Monitor Desk mount'}),0.04799360085321957,0.17411011865084655,0.01573123583522197,0.3277777777777778,1.882588905904373,0.007375064296186541,1.2285965177094844
"frozenset({'VIVO Dual LCD Monitor Desk mount', 'Dust-Off Compressed Gas 2 pack'})",frozenset({'Screen Mom Screen Cleaner kit'}),0.05972536995067324,0.12958272230369283,0.01573123583522197,0.26339285714285715,2.032623273074662,0.00799185980641856,1.1816573951755929
"frozenset({'VIVO Dual LCD Monitor Desk mount', 'Screen Mom Screen Cleaner kit'})",frozenset({'Dust-Off Compressed Gas 2 pack'}),0.03546193840821224,0.23836821757099053,0.01573123583522197,0.44360902255639095,1.8610242048073202,0.0072782367852441705,1.3688787440953818
frozenset({'VIVO Dual LCD Monitor Desk mount'}),frozenset({'SanDisk Ultra 128GB card'}),0.17411011865084655,0.06332489001466471,0.01559792027729636,0.08958652373660031,1.414712662206819,0.004572416163291281,1.028845831489359
frozenset({'SanDisk Ultra 128GB card'}),frozenset({'VIVO Dual LCD Monitor Desk mount'}),0.06332489001466471,0.17411011865084655,0.01559792027729636,0.24631578947368424,1.414712662206819,0.004572416163291281,1.0958036135219216
frozenset({'10ft iPHone Charger Cable 2 Pack'}),frozenset({'Screen Mom Screen Cleaner kit'}),0.05052659645380616,0.12958272230369283,0.015197973603519531,0.3007915567282322,2.3212319619531585,0.008650599686295217,1.2448609367807564
frozenset({'Screen Mom Screen Cleaner kit'}),frozenset({'10ft iPHone Charger Cable 2 Pack'}),0.12958272230369283,0.05052659645380616,0.015197973603519531,0.11728395061728396,2.321231961953158,0.008650599686295217,1.0756272124089747
frozenset({'VIVO Dual LCD Monitor Desk mount'}),frozenset({'TopMate C5 Laptop Cooler pad'}),0.17411011865084655,0.07652313024930009,0.015197973603519531,0.08728943338437979,1.1406934491572,0.0018745223162797073,1.011795966354374
frozenset({'TopMate C5 Laptop Cooler pad'}),frozenset({'VIVO Dual LCD Monitor Desk mount'}),0.07652313024930009,0.17411011865084655,0.015197973603519531,0.1986062717770035,1.1406934491572,0.0018745223162797073,1.0305669389009002
frozenset({'HyperX Cloud Stinger Headset'}),frozenset({'Dust-Off Compressed Gas 2 pack'}),0.047460338621517134,0.23836821757099053,0.015064658045593921,0.31741573033707865,1.3316193474599705,0.00375162172306724,1.1158062326943514
frozenset({'Dust-Off Compressed Gas 2 pack'}),frozenset({'HyperX Cloud Stinger Headset'}),0.23836821757099053,0.047460338621517134,0.015064658045593921,0.06319910514541387,1.3316193474599702,0.00375162172306724,1.016800545996852
frozenset({'HP 61 ink'}),frozenset({'SanDisk Ultra 128GB card'}),0.1638448206905746,0.06332489001466471,0.01493134248766831,0.09113100081366964,1.43910239390176,0.004555887237965213,1.0305941899480546
frozenset({'SanDisk Ultra 128GB card'}),frozenset({'HP 61 ink'}),0.06332489001466471,0.1638448206905746,0.01493134248766831,0.23578947368421052,1.43910239390176,0.004555887237965213,1.0941424522643997
frozenset({'Falcon Dust Off Compressed Gas'}),frozenset({'Screen Mom Screen Cleaner kit'}),0.05999200106652446,0.12958272230369283,0.014798026929742702,0.24666666666666667,1.9035459533607684,0.007024100115096418,1.1554211650835937
frozenset({'Apple USB-C Charger cable'}),frozenset({'SanDisk Ultra 64GB card'}),0.13211571790427942,0.09825356619117451,0.014798026929742702,0.11200807265388497,1.1399898954908971,0.0018171864957400446,1.0154894498915297
frozenset({'SanDisk Ultra 64GB card'}),frozenset({'Apple USB-C Charger cable'}),0.09825356619117451,0.13211571790427942,0.014798026929742702,0.15061058344640435,1.1399898954908971,0.0018171864957400446,1.0217743065567828
frozenset({'HP 61 ink'}),frozenset({'TopMate C5 Laptop Cooler pad'}),0.1638448206905746,0.07652313024930009,0.014798026929742702,0.09031733116354759,1.1802618485327012,0.002260108375364644,1.0151637503789
frozenset({'Screen Mom Screen Cleaner kit'}),frozenset({'Falcon Dust Off Compressed Gas'}),0.12958272230369283,0.05999200106652446,0.014798026929742702,0.11419753086419754,1.9035459533607684,0.007024100115096418,1.0611936991444115
frozenset({'TopMate C5 Laptop Cooler pad'}),frozenset({'HP 61 ink'}),0.07652313024930009,0.1638448206905746,0.014798026929742702,0.19337979094076657,1.1802618485327014,0.002260108375364644,1.0366157082583374
frozenset({'HP 61 ink'}),frozenset({'Falcon Dust Off Compressed Gas'}),0.1638448206905746,0.05999200106652446,0.014664711371817091,0.08950366151342555,1.4919265889160112,0.0048353327142036315,1.0324127173272934
frozenset({'Falcon Dust Off Compressed Gas'}),frozenset({'HP 61 ink'}),0.05999200106652446,0.1638448206905746,0.014664711371817091,0.24444444444444446,1.4919265889160112,0.0048353327142036315,1.106675972615416
frozenset({'SanDisk Ultra 64GB card'}),frozenset({'Stylus Pen for iPad'}),0.09825356619117451,0.09505399280095987,0.014531395813891481,0.14789687924016282,1.555924952567267,0.005192002040486945,1.0620146613147972
frozenset({'Stylus Pen for iPad'}),frozenset({'SanDisk Ultra 64GB card'}),0.09505399280095987,0.09825356619117451,0.014531395813891481,0.15287517531556802,1.555924952567267,0.005192002040486945,1.0644788200425375
frozenset({'SanDisk Ultra 128GB card'}),frozenset({'USB 2.0 Printer cable'}),0.06332489001466471,0.1709105452606319,0.014531395813891481,0.22947368421052633,1.3426537482551935,0.0037085043329155905,1.07600407377377
frozenset({'USB 2.0 Printer cable'}),frozenset({'SanDisk Ultra 128GB card'}),0.1709105452606319,0.06332489001466471,0.014531395813891481,0.08502340093603744,1.3426537482551935,0.0037085043329155905,1.0237148260879794
frozenset({'Apple USB-C Charger cable'}),frozenset({'Nylon Braided Lightning to USB cable'}),0.13211571790427942,0.09532062391681109,0.01439808025596587,0.10898082744702321,1.143307953398771,0.0018047275961125455,1.0153309872009515
frozenset({'Nylon Braided Lightning to USB cable'}),frozenset({'Apple USB-C Charger cable'}),0.09532062391681109,0.13211571790427942,0.01439808025596587,0.15104895104895105,1.143307953398771,0.0018047275961125455,1.0223019138359806
frozenset({'Apple Pencil'}),frozenset({'Falcon Dust Off Compressed Gas'}),0.17970937208372217,0.05999200106652446,0.01439808025596587,0.0801186943620178,1.3354896142433232,0.003616955414254769,1.0218796633567138
frozenset({'Falcon Dust Off Compressed Gas'}),frozenset({'Apple Pencil'}),0.05999200106652446,0.17970937208372217,0.01439808025596587,0.24,1.3354896142433235,0.003616955414254769,1.0793297735740497
"frozenset({'VIVO Dual LCD Monitor Desk mount', 'Dust-Off Compressed Gas 2 pack'})",frozenset({'Apple Pencil'}),0.05972536995067324,0.17970937208372217,0.014264764698040262,0.23883928571428573,1.3290307731030098,0.003531555966736764,1.0776838747990982
frozenset({'SanDisk Ultra 128GB card'}),frozenset({'Screen Mom Screen Cleaner kit'}),0.06332489001466471,0.12958272230369283,0.014264764698040262,0.22526315789473686,1.7383734026424087,0.006058953060358073,1.1235005622438747
frozenset({'VIVO Dual LCD Monitor Desk mount'}),frozenset({'10ft iPHone Charger Cable 2 Pack'}),0.17411011865084655,0.05052659645380616,0.014264764698040262,0.08192955589586524,1.6215134532318871,0.0054675729944446295,1.0342053920194572
frozenset({'10ft iPHone Charger Cable 2 Pack'}),frozenset({'VIVO Dual LCD Monitor Desk mount'}),0.05052659645380616,0.17411011865084655,0.014264764698040262,0.2823218997361478,1.6215134532318871,0.0054675729944446295,1.1507803861445927
frozenset({'Screen Mom Screen Cleaner kit'}),frozenset({'SanDisk Ultra 128GB card'}),0.12958272230369283,0.06332489001466471,0.014264764698040262,0.11008230452674898,1.7383734026424087,0.006058953060358073,1.052541279659822
"frozenset({'VIVO Dual LCD Monitor Desk mount', 'Apple Pencil'})",frozenset({'Dust-Off Compressed Gas 2 pack'}),0.036528462871617116,0.23836821757099053,0.014264764698040262,0.3905109489051095,1.6382676888910663,0.005557540112724784,1.2496234035062792
frozenset({'Apple Pencil'}),"frozenset({'VIVO Dual LCD Monitor Desk mount', 'Dust-Off Compressed Gas 2 pack'})",0.17970937208372217,0.05972536995067324,0.014264764698040262,0.07937685459940653,1.32903077310301,0.003531555966736764,1.0213458511736442
frozenset({'Dust-Off Compressed Gas 2 pack'}),"frozenset({'VIVO Dual LCD Monitor Desk mount', 'Apple Pencil'})",0.23836821757099053,0.036528462871617116,0.014264764698040262,0.059843400447427295,1.6382676888910663,0.005557540112724784,1.0247989936856328
frozenset({'VIVO Dual LCD Monitor Desk mount'}),"frozenset({'Dust-Off Compressed Gas 2 pack', 'Apple Pencil'})",0.17411011865084655,0.05092654312758299,0.014264764698040262,0.08192955589586524,1.6087790543845162,0.005397938231619333,1.0337697536908896
"frozenset({'Dust-Off Compressed Gas 2 pack', 'Apple Pencil'})",frozenset({'VIVO Dual LCD Monitor Desk mount'}),0.05092654312758299,0.17411011865084655,0.014264764698040262,0.2801047120418848,1.608779054384516,0.005397938231619333,1.1472361260922785
frozenset({'FEIYOLD Blue light Blocking Glasses'}),frozenset({'SanDisk Ultra 64GB card'}),0.0658578856152513,0.09825356619117451,0.014131449140114652,0.2145748987854251,2.183889166607156,0.007660677016605759,1.1480998409834016
frozenset({'SanDisk Ultra 64GB card'}),frozenset({'FEIYOLD Blue light Blocking Glasses'}),0.09825356619117451,0.0658578856152513,0.014131449140114652,0.14382632293080055,2.183889166607156,0.007660677016605759,1.0910661462782247
frozenset({'Apple Pencil'}),frozenset({'Logitech M510 Wireless mouse'}),0.17970937208372217,0.07145713904812692,0.014131449140114652,0.07863501483679525,1.100450086363435,0.0012899315508765382,1.0077904803245772
frozenset({'Logitech M510 Wireless mouse'}),frozenset({'Apple Pencil'}),0.07145713904812692,0.17970937208372217,0.014131449140114652,0.19776119402985073,1.100450086363435,0.0012899315508765382,1.0225018059607556
frozenset({'VIVO Dual LCD Monitor Desk mount'}),frozenset({'HP 62XL Tri-Color ink'}),0.17411011865084655,0.058525529929342755,0.014131449140114652,0.08116385911179173,1.386811178126537,0.003941562180013113,1.024638048260232
frozenset({'HP 62XL Tri-Color ink'}),frozenset({'VIVO Dual LCD Monitor Desk mount'}),0.058525529929342755,0.17411011865084655,0.014131449140114652,0.24145785876993167,1.386811178126537,0.003941562180013113,1.0887857594963313
frozenset({'Apple USB-C Charger cable'}),frozenset({'Syntech USB C to USB Adapter'}),0.13211571790427942,0.08105585921877083,0.014131449140114652,0.10696266397578205,1.3196166817143768,0.0034226961090785372,1.0290097666827098
frozenset({'Syntech USB C to USB Adapter'}),frozenset({'Apple USB-C Charger cable'}),0.08105585921877083,0.13211571790427942,0.014131449140114652,0.1743421052631579,1.3196166817143768,0.0034226961090785372,1.0511427161637412
frozenset({'HP 61 ink'}),"frozenset({'Dust-Off Compressed Gas 2 pack', 'Screen Mom Screen Cleaner kit'})",0.1638448206905746,0.04799360085321957,0.013998133582189041,0.0854353132628153,1.7801396799566043,0.006134630656098273,1.0409393812734815
frozenset({'Anker USB C to HDMI Adapter'}),frozenset({'HP 61 ink'}),0.06839088121583789,0.1638448206905746,0.013998133582189041,0.2046783625730994,1.2492208280397221,0.0027926419125096948,1.0513421739846451
frozenset({'HP 61 ink'}),frozenset({'Anker USB C to HDMI Adapter'}),0.1638448206905746,0.06839088121583789,0.013998133582189041,0.0854353132628153,1.2492208280397223,0.0027926419125096948,1.0186366610193374
frozenset({'HP 63XL Ink'}),frozenset({'VIVO Dual LCD Monitor Desk mount'}),0.0793227569657379,0.17411011865084655,0.013998133582189041,0.17647058823529413,1.013557337176831,0.00018723895517215074,1.0028662844954006
frozenset({'VIVO Dual LCD Monitor Desk mount'}),frozenset({'HP 63XL Ink'}),0.17411011865084655,0.0793227569657379,0.013998133582189041,0.08039816232771822,1.013557337176831,0.00018723895517215074,1.0011694249814707
frozenset({'Screen Mom Screen Cleaner kit'}),"frozenset({'HP 61 ink', 'Dust-Off Compressed Gas 2 pack'})",0.12958272230369283,0.05265964538061592,0.013998133582189041,0.1080246913580247,2.0513752148773245,0.007174353378221748,1.0620701553518355
frozenset({'Dust-Off Compressed Gas 2 pack'}),"frozenset({'HP 61 ink', 'Screen Mom Screen Cleaner kit'})",0.23836821757099053,0.03212904946007199,0.013998133582189041,0.0587248322147651,1.827779943746693,0.006339589330141486,1.0282550561885866
"frozenset({'HP 61 ink', 'Screen Mom Screen Cleaner kit'})",frozenset({'Dust-Off Compressed Gas 2 pack'}),0.03212904946007199,0.23836821757099053,0.013998133582189041,0.43568464730290457,1.827779943746693,0.006339589330141486,1.3496563203337595
"frozenset({'HP 61 ink', 'Dust-Off Compressed Gas 2 pack'})",frozenset({'Screen Mom Screen Cleaner kit'}),0.05265964538061592,0.12958272230369283,0.013998133582189041,0.26582278481012656,2.0513752148773245,0.007174353378221748,1.1855683610001424
frozenset({'Screen Mom Screen Cleaner kit'}),frozenset({'Anker USB C to HDMI Adapter'}),0.12958272230369283,0.06839088121583789,0.013998133582189041,0.1080246913580247,1.5795189276345873,0.005135857013492277,1.0444337525469498
frozenset({'Anker USB C to HDMI Adapter'}),frozenset({'Screen Mom Screen Cleaner kit'}),0.06839088121583789,0.12958272230369283,0.013998133582189041,0.2046783625730994,1.5795189276345871,0.005135857013492277,1.0944217241622687
"frozenset({'Dust-Off Compressed Gas 2 pack', 'Screen Mom Screen Cleaner kit'})",frozenset({'HP 61 ink'}),0.04799360085321957,0.1638448206905746,0.013998133582189041,0.2916666666666667,1.7801396799566043,0.006134630656098273,1.1804543707897772
frozenset({'HP 61 ink'}),frozenset({'Syntech USB C to USB Adapter'}),0.1638448206905746,0.08105585921877083,0.013598186908412212,0.08299430431244914,1.0239149286968439,0.00031760418879224657,1.0021138855546856
frozenset({'Syntech USB C to USB Adapter'}),frozenset({'HP 61 ink'}),0.08105585921877083,0.1638448206905746,0.013598186908412212,0.16776315789473684,1.0239149286968436,0.00031760418879224657,1.004708199644527
frozenset({'HP 61 ink'}),frozenset({'Premium Nylon USB Cable'}),0.1638448206905746,0.0510598586855086,0.013598186908412212,0.08299430431244914,1.6254315317171828,0.0052322935175989765,1.034824697138873
frozenset({'Premium Nylon USB Cable'}),frozenset({'HP 61 ink'}),0.0510598586855086,0.1638448206905746,0.013598186908412212,0.26631853785900783,1.6254315317171828,0.0052322935175989765,1.1396705824751243
frozenset({'Apple Pencil'}),"frozenset({'HP 61 ink', 'Dust-Off Compressed Gas 2 pack'})",0.17970937208372217,0.05265964538061592,0.013464871350486601,0.07492581602373886,1.4228317620102917,0.004001439544984633,1.024069605474683
frozenset({'3A USB Type C Cable 3 pack 6FT'}),frozenset({'VIVO Dual LCD Monitor Desk mount'}),0.04252766297826956,0.17411011865084655,0.013464871350486601,0.3166144200626959,1.8184722548930183,0.006060374903396873,1.2085269364696327
frozenset({'VIVO Dual LCD Monitor Desk mount'}),frozenset({'3A USB Type C Cable 3 pack 6FT'}),0.17411011865084655,0.04252766297826956,0.013464871350486601,0.0773353751914242,1.8184722548930186,0.006060374903396873,1.0377252051040498
frozenset({'Nylon Braided Lightning to USB cable'}),frozenset({'Stylus Pen for iPad'}),0.09532062391681109,0.09505399280095987,0.013464871350486601,0.14125874125874124,1.4860895065663648,0.004404265450915037,1.0538052038229866
frozenset({'Stylus Pen for iPad'}),frozenset({'Nylon Braided Lightning to USB cable'}),0.09505399280095987,0.09532062391681109,0.013464871350486601,0.14165497896213183,1.4860895065663648,0.004404265450915037,1.0539810378224082
frozenset({'HP 61 ink'}),"frozenset({'Dust-Off Compressed Gas 2 pack', 'Apple Pencil'})",0.1638448206905746,0.05092654312758299,0.013464871350486601,0.08218063466232708,1.6137092685919252,0.005120821023356953,1.034052551858334
frozenset({'Dust-Off Compressed Gas 2 pack'}),"frozenset({'HP 61 ink', 'Apple Pencil'})",0.23836821757099053,0.03319557392347687,0.013464871350486601,0.056487695749440715,1.7016634771749188,0.005552101563101368,1.0246866116329718
"frozenset({'Dust-Off Compressed Gas 2 pack', 'Apple Pencil'})",frozenset({'HP 61 ink'}),0.05092654312758299,0.1638448206905746,0.013464871350486601,0.2643979057591623,1.6137092685919252,0.005120821023356953,1.1366949412676175
"frozenset({'HP 61 ink', 'Apple Pencil'})",frozenset({'Dust-Off Compressed Gas 2 pack'}),0.03319557392347687,0.23836821757099053,0.013464871350486601,0.40562248995983935,1.7016634771749188,0.005552101563101368,1.2813940123298875
"frozenset({'HP 61 ink', 'Dust-Off Compressed Gas 2 pack'})",frozenset({'Apple Pencil'}),0.05265964538061592,0.17970937208372217,0.013464871350486601,0.25569620253164554,1.4228317620102917,0.004001439544984633,1.1020911497514618
frozenset({'Screen Mom Screen Cleaner kit'}),frozenset({'Syntech USB C to USB Adapter'}),0.12958272230369283,0.08105585921877083,0.013331555792560993,0.10288065843621401,1.2692562811349364,0.002828116896327792,1.0243276431643977
frozenset({'Syntech USB C to USB Adapter'}),frozenset({'Screen Mom Screen Cleaner kit'}),0.08105585921877083,0.12958272230369283,0.013331555792560993,0.16447368421052633,1.2692562811349364,0.002828116896327792,1.0417592614947928
frozenset({'Dust-Off Compressed Gas 2 pack'}),frozenset({'SanDisk 128GB microSDXC card'}),0.23836821757099053,0.043060925209972005,0.013331555792560993,0.055928411633109625,1.2988204819193663,0.003067199803302235,1.0136297782728496
frozenset({'SanDisk 128GB microSDXC card'}),frozenset({'Dust-Off Compressed Gas 2 pack'}),0.043060925209972005,0.23836821757099053,0.013331555792560993,0.30959752321981426,1.2988204819193663,0.003067199803302235,1.1031706983164578
frozenset({'USB 2.0 Printer cable'}),frozenset({'TopMate C5 Laptop Cooler pad'}),0.1709105452606319,0.07652313024930009,0.013331555792560993,0.07800312012480501,1.0193404251849518,0.0002529458766027601,1.0016052005248708
frozenset({'TopMate C5 Laptop Cooler pad'}),frozenset({'USB 2.0 Printer cable'}),0.07652313024930009,0.1709105452606319,0.013331555792560993,0.17421602787456447,1.0193404251849518,0.0002529458766027601,1.0040028418151843
frozenset({'TopMate C5 Laptop Cooler pad'}),frozenset({'Screen Mom Screen Cleaner kit'}),0.07652313024930009,0.12958272230369283,0.013198240234635382,0.17247386759581884,1.3309943218479807,0.0032821646977310125,1.051830562942485
frozenset({'Screen Mom Screen Cleaner kit'}),frozenset({'TopMate C5 Laptop Cooler pad'}),0.12958272230369283,0.07652313024930009,0.013198240234635382,0.10185185185185186,1.3309943218479805,0.0032821646977310125,1.0282010508564494
"frozenset({'Dust-Off Compressed Gas 2 pack', 'Screen Mom Screen Cleaner kit'})",frozenset({'Apple Pencil'}),0.04799360085321957,0.17970937208372217,0.013064924676709772,0.27222222222222225,1.514791460600066,0.004440024803340891,1.1271168933200764
"frozenset({'Screen Mom Screen Cleaner kit', 'Apple Pencil'})",frozenset({'Dust-Off Compressed Gas 2 pack'}),0.03079589388081589,0.23836821757099053,0.013064924676709772,0.42424242424242425,1.7797776421937497,0.005724162343834314,1.3228341484293324
frozenset({'Dust-Off Compressed Gas 2 pack'}),"frozenset({'Screen Mom Screen Cleaner kit', 'Apple Pencil'})",0.23836821757099053,0.03079589388081589,0.013064924676709772,0.05480984340044743,1.7797776421937497,0.005724162343834314,1.0254064744030185
frozenset({'Screen Mom Screen Cleaner kit'}),"frozenset({'Dust-Off Compressed Gas 2 pack', 'Apple Pencil'})",0.12958272230369283,0.05092654312758299,0.013064924676709772,0.10082304526748971,1.9797739857367547,0.006465724580721148,1.0554913044393472
frozenset({'Apple Pencil'}),"frozenset({'Dust-Off Compressed Gas 2 pack', 'Screen Mom Screen Cleaner kit'})",0.17970937208372217,0.04799360085321957,0.013064924676709772,0.07270029673590504,1.5147914606000659,0.004440024803340891,1.026643700839888
"frozenset({'Dust-Off Compressed Gas 2 pack', 'Apple Pencil'})",frozenset({'Screen Mom Screen Cleaner kit'}),0.05092654312758299,0.12958272230369283,0.013064924676709772,0.25654450261780104,1.979773985736755,0.006465724580721148,1.1707725354929202
frozenset({'SanDisk 128GB Ultra microSDXC card'}),frozenset({'Apple Pencil'}),0.04946007199040128,0.17970937208372217,0.012531662445007332,0.25336927223719674,1.4098834651715229,0.0036432239643966226,1.098656400566567
frozenset({'Apple Pencil'}),frozenset({'SanDisk 128GB Ultra microSDXC card'}),0.17970937208372217,0.04946007199040128,0.012531662445007332,0.06973293768545993,1.4098834651715226,0.0036432239643966226,1.02179252229421
frozenset({'Apple USB-C Charger cable'}),frozenset({'Anker USB C to HDMI Adapter'}),0.13211571790427942,0.06839088121583789,0.012265031329156113,0.09283551967709386,1.3574254056488908,0.003229520959219391,1.026946203242608
frozenset({'Anker USB C to HDMI Adapter'}),frozenset({'Apple USB-C Charger cable'}),0.06839088121583789,0.13211571790427942,0.012265031329156113,0.1793372319688109,1.3574254056488906,0.003229520959219391,1.0575407047864718
"frozenset({'VIVO Dual LCD Monitor Desk mount', 'Dust-Off Compressed Gas 2 pack'})",frozenset({'Nylon Braided Lightning to USB cable'}),0.05972536995067324,0.09532062391681109,0.011998400213304892,0.20089285714285715,2.1075487012987013,0.006305340685944358,1.1321127387856667
frozenset({'HP 62XL Tri-Color ink'}),frozenset({'HP 61 ink'}),0.058525529929342755,0.1638448206905746,0.011998400213304892,0.20501138952164008,1.2512534034188951,0.0024092952562108708,1.0517825894465265
frozenset({'Nylon Braided Lightning to USB cable'}),"frozenset({'VIVO Dual LCD Monitor Desk mount', 'Dust-Off Compressed Gas 2 pack'})",0.09532062391681109,0.05972536995067324,0.011998400213304892,0.12587412587412586,2.1075487012987013,0.006305340685944358,1.0756741767764297
frozenset({'Dust-Off Compressed Gas 2 pack'}),"frozenset({'VIVO Dual LCD Monitor Desk mount', 'Nylon Braided Lightning to USB cable'})",0.23836821757099053,0.027862951606452472,0.011998400213304892,0.050335570469798654,1.806541215760573,0.005356758102608049,1.0236637470716508
frozenset({'VIVO Dual LCD Monitor Desk mount'}),"frozenset({'Dust-Off Compressed Gas 2 pack', 'Nylon Braided Lightning to USB cable'})",0.17411011865084655,0.03572856952406346,0.011998400213304892,0.06891271056661562,1.9287844849260587,0.005777694734245183,1.0356402041131358
"frozenset({'Dust-Off Compressed Gas 2 pack', 'Nylon Braided Lightning to USB cable'})",frozenset({'VIVO Dual LCD Monitor Desk mount'}),0.03572856952406346,0.17411011865084655,0.011998400213304892,0.33582089552238803,1.9287844849260587,0.005777694734245183,1.2434746528178264
"frozenset({'VIVO Dual LCD Monitor Desk mount', 'Nylon Braided Lightning to USB cable'})",frozenset({'Dust-Off Compressed Gas 2 pack'}),0.027862951606452472,0.23836821757099053,0.011998400213304892,0.43062200956937796,1.806541215760573,0.005356758102608049,1.3376558195601933
frozenset({'HP 61 ink'}),frozenset({'HP 62XL Tri-Color ink'}),0.1638448206905746,0.058525529929342755,0.011998400213304892,0.07323026851098453,1.2512534034188951,0.0024092952562108708,1.0158666582237381
frozenset({'USB 2.0 Printer cable'}),frozenset({'Anker USB C to HDMI Adapter'}),0.1709105452606319,0.06839088121583789,0.011998400213304892,0.0702028081123245,1.0264936913266005,0.0003096774138509305,1.0019487334574628
frozenset({'SanDisk Ultra 64GB card'}),frozenset({'Apple Lightning to Digital AV Adapter'}),0.09825356619117451,0.0871883748833489,0.011998400213304892,0.12211668928086838,1.400607471400296,0.0034318314506028343,1.0397869670957836
frozenset({'Apple Lightning to Digital AV Adapter'}),frozenset({'SanDisk Ultra 64GB card'}),0.0871883748833489,0.09825356619117451,0.011998400213304892,0.13761467889908255,1.400607471400296,0.0034318314506028343,1.0456421413315102
frozenset({'USB Type C to USB-A Charger cable'}),frozenset({'Apple USB-C Charger cable'}),0.08038928142914278,0.13211571790427942,0.011998400213304892,0.14925373134328357,1.1297197162522403,0.0013777125854845355,1.0201446824633909
frozenset({'Apple USB-C Charger cable'}),frozenset({'USB Type C to USB-A Charger cable'}),0.13211571790427942,0.08038928142914278,0.011998400213304892,0.09081735620585267,1.1297197162522403,0.0013777125854845355,1.0114697248653934
frozenset({'Apple Pencil'}),frozenset({'FEIYOLD Blue light Blocking Glasses'}),0.17970937208372217,0.0658578856152513,0.011998400213304892,0.06676557863501484,1.0137826019053569,0.00016312094262648305,1.0009726313121154
frozenset({'FEIYOLD Blue light Blocking Glasses'}),frozenset({'Apple Pencil'}),0.0658578856152513,0.17970937208372217,0.011998400213304892,0.18218623481781376,1.0137826019053569,0.00016312094262648305,1.0030286390857457
frozenset({'Anker USB C to HDMI Adapter'}),frozenset({'USB 2.0 Printer cable'}),0.06839088121583789,0.1709105452606319,0.011998400213304892,0.17543859649122806,1.0264936913266005,0.0003096774138509305,1.0054914663860421
frozenset({'Cat8 Ethernet Cable'}),frozenset({'Apple USB-C Charger cable'}),0.06252499666711105,0.13211571790427942,0.011865084655379284,0.18976545842217488,1.4363579249492773,0.003604549833741229,1.0711519165865604
frozenset({'VIVO Dual LCD Monitor Desk mount'}),frozenset({'HyperX Cloud Stinger Headset'}),0.17411011865084655,0.047460338621517134,0.011865084655379284,0.06814701378254212,1.435872894333844,0.0036017594667775796,1.0221995051440418
frozenset({'Screen Mom Screen Cleaner kit'}),frozenset({'HP 62XL Tri-Color ink'}),0.12958272230369283,0.058525529929342755,0.011865084655379284,0.09156378600823047,1.5645101568285575,0.004281187162868798,1.0363682728297607
frozenset({'HP 62XL Tri-Color ink'}),frozenset({'Screen Mom Screen Cleaner kit'}),0.058525529929342755,0.12958272230369283,0.011865084655379284,0.2027334851936219,1.5645101568285575,0.004281187162868798,1.0917519568819396
frozenset({'HyperX Cloud Stinger Headset'}),frozenset({'VIVO Dual LCD Monitor Desk mount'}),0.047460338621517134,0.17411011865084655,0.011865084655379284,0.25,1.435872894333844,0.0036017594667775796,1.101186508465538
frozenset({'Apple USB-C Charger cable'}),frozenset({'Cat8 Ethernet Cable'}),0.13211571790427942,0.06252499666711105,0.011865084655379284,0.0898082744702321,1.4363579249492773,0.003604549833741229,1.0299753085397927
frozenset({'Stylus Pen for iPad'}),frozenset({'Syntech USB C to USB Adapter'}),0.09505399280095987,0.08105585921877083,0.011865084655379284,0.12482468443197757,1.5399834834280655,0.004160401596722625,1.0500114941939367
frozenset({'Falcon Dust Off Compressed Gas'}),frozenset({'Apple USB-C Charger cable'}),0.05999200106652446,0.13211571790427942,0.011865084655379284,0.1977777777777778,1.4970041484471357,0.0039391983659611066,1.08185021313871
frozenset({'Apple USB-C Charger cable'}),frozenset({'Falcon Dust Off Compressed Gas'}),0.13211571790427942,0.05999200106652446,0.011865084655379284,0.0898082744702321,1.4970041484471355,0.0039391983659611066,1.0327582338615013
frozenset({'Syntech USB C to USB Adapter'}),frozenset({'Stylus Pen for iPad'}),0.08105585921877083,0.09505399280095987,0.011865084655379284,0.14638157894736845,1.5399834834280655,0.004160401596722625,1.0601294265453112
frozenset({'Apple Pencil'}),frozenset({'Premium Nylon USB Cable'}),0.17970937208372217,0.0510598586855086,0.011731769097453673,0.06528189910979229,1.2785366193800312,0.002555833954397334,1.0152153257872496
frozenset({'Premium Nylon USB Cable'}),frozenset({'Apple Pencil'}),0.0510598586855086,0.17970937208372217,0.011731769097453673,0.2297650130548303,1.2785366193800312,0.002555833954397334,1.0649874931929981
frozenset({'Anker USB C to HDMI Adapter'}),frozenset({'SanDisk Ultra 64GB card'}),0.06839088121583789,0.09825356619117451,0.011731769097453673,0.17153996101364521,1.745890430886503,0.005012121123040592,1.0884609895151234
frozenset({'SanDisk Ultra 64GB card'}),frozenset({'Anker USB C to HDMI Adapter'}),0.09825356619117451,0.06839088121583789,0.011731769097453673,0.11940298507462688,1.7458904308865033,0.005012121123040592,1.057928999297269
frozenset({'USB Type C Cable'}),frozenset({'HP 61 ink'}),0.04679376083188908,0.1638448206905746,0.011598453539528063,0.24786324786324784,1.5127926950546964,0.003931538186589563,1.111706317945486
frozenset({'HP 61 ink'}),frozenset({'USB Type C Cable'}),0.1638448206905746,0.04679376083188908,0.011598453539528063,0.07078925956061838,1.5127926950546964,0.003931538186589563,1.0258235270907252
frozenset({'HP 65 ink'}),frozenset({'Dust-Off Compressed Gas 2 pack'}),0.03332888948140248,0.23836821757099053,0.011598453539528063,0.348,1.4599261744966443,0.0036539055602256183,1.1681469055659655
frozenset({'Dust-Off Compressed Gas 2 pack'}),frozenset({'HP 65 ink'}),0.23836821757099053,0.03332888948140248,0.011598453539528063,0.04865771812080537,1.4599261744966443,0.0036539055602256183,1.0161128428026176
frozenset({'Logitech M510 Wireless mouse'}),frozenset({'Apple USB-C Charger cable'}),0.07145713904812692,0.13211571790427942,0.011465137981602452,0.16044776119402984,1.2144486949711584,0.002024526756873247,1.0337466115629026
frozenset({'Apple USB-C Charger cable'}),frozenset({'Logitech M510 Wireless mouse'}),0.13211571790427942,0.07145713904812692,0.011465137981602452,0.08678102926337034,1.2144486949711584,0.002024526756873247,1.016780083097576
frozenset({'Syntech USB C to USB Adapter'}),frozenset({'Apple Lightning to Digital AV Adapter'}),0.08105585921877083,0.0871883748833489,0.011465137981602452,0.14144736842105263,1.622319129245131,0.00439800934154431,1.0631982146952565
frozenset({'Apple Lightning to Digital AV Adapter'}),frozenset({'Syntech USB C to USB Adapter'}),0.0871883748833489,0.08105585921877083,0.011465137981602452,0.1314984709480122,1.6223191292451309,0.00439800934154431,1.0580800494206406
frozenset({'Logitech M510 Wireless mouse'}),frozenset({'SanDisk Ultra 64GB card'}),0.07145713904812692,0.09825356619117451,0.011465137981602452,0.16044776119402984,1.6329968205107435,0.004444219240305353,1.0740801967145122
frozenset({'Premium Nylon USB Cable'}),frozenset({'Screen Mom Screen Cleaner kit'}),0.0510598586855086,0.12958272230369283,0.011465137981602452,0.22454308093994776,1.732816512479988,0.004848662492692393,1.122457297500625
frozenset({'Screen Mom Screen Cleaner kit'}),frozenset({'Premium Nylon USB Cable'}),0.12958272230369283,0.0510598586855086,0.011465137981602452,0.08847736625514403,1.732816512479988,0.004848662492692393,1.0410494552569816
frozenset({'Stylus Pen for iPad'}),"frozenset({'VIVO Dual LCD Monitor Desk mount', 'Dust-Off Compressed Gas 2 pack'})",0.09505399280095987,0.05972536995067324,0.011465137981602452,0.12061711079943899,2.0195289020236427,0.005788003096276493,1.069243718062472
frozenset({'SanDisk Ultra 64GB card'}),frozenset({'Logitech M510 Wireless mouse'}),0.09825356619117451,0.07145713904812692,0.011465137981602452,0.11668928086838534,1.6329968205107432,0.004444219240305353,1.0512075092496629
frozenset({'VIVO Dual LCD Monitor Desk mount'}),"frozenset({'Stylus Pen for iPad', 'Dust-Off Compressed Gas 2 pack'})",0.17411011865084655,0.03372883615517931,0.011465137981602452,0.06584992343032159,1.9523331053392972,0.0055926063166692195,1.0343853606404392
"frozenset({'Stylus Pen for iPad', 'Dust-Off Compressed Gas 2 pack'})",frozenset({'VIVO Dual LCD Monitor Desk mount'}),0.03372883615517931,0.17411011865084655,0.011465137981602452,0.33992094861660077,1.9523331053392974,0.0055926063166692195,1.2511984430020109
"frozenset({'VIVO Dual LCD Monitor Desk mount', 'Dust-Off Compressed Gas 2 pack'})",frozenset({'Stylus Pen for iPad'}),0.05972536995067324,0.09505399280095987,0.011465137981602452,0.1919642857142857,2.019528902023642,0.005788003096276493,1.1199331801800276
"frozenset({'VIVO Dual LCD Monitor Desk mount', 'Stylus Pen for iPad'})",frozenset({'Dust-Off Compressed Gas 2 pack'}),0.025196640447940274,0.23836821757099053,0.011465137981602452,0.455026455026455,1.908922505119373,0.005459059709249805,1.3975573483406096
frozenset({'Dust-Off Compressed Gas 2 pack'}),"frozenset({'VIVO Dual LCD Monitor Desk mount', 'Stylus Pen for iPad'})",0.23836821757099053,0.025196640447940274,0.011465137981602452,0.04809843400447427,1.908922505119373,0.005459059709249805,1.0240589934659712
frozenset({'SanDisk Ultra 64GB card'}),frozenset({'SAMSUNG EVO 32GB card'}),0.09825356619117451,0.0523930142647647,0.011331822423676844,0.1153324287652646,2.201294015695292,0.006184021928658635,1.0711447062682031
frozenset({'Cat8 Ethernet Cable'}),frozenset({'HP 61 ink'}),0.06252499666711105,0.1638448206905746,0.011331822423676844,0.18123667377398722,1.1061483238231717,0.00108742555607526,1.0212416122294805
frozenset({'SAMSUNG EVO 32GB card'}),frozenset({'SanDisk Ultra 64GB card'}),0.0523930142647647,0.09825356619117451,0.011331822423676844,0.2162849872773537,2.201294015695292,0.006184021928658635,1.1506050275547675
frozenset({'HP 61 ink'}),frozenset({'Cat8 Ethernet Cable'}),0.1638448206905746,0.06252499666711105,0.011331822423676844,0.0691619202603743,1.106148323823172,0.00108742555607526,1.007130051657448
frozenset({'Cat8 Ethernet Cable'}),frozenset({'Screen Mom Screen Cleaner kit'}),0.06252499666711105,0.12958272230369283,0.011331822423676844,0.18123667377398722,1.3986175822825908,0.003229663143523274,1.0630877688530418
frozenset({'Screen Mom Screen Cleaner kit'}),frozenset({'Cat8 Ethernet Cable'}),0.12958272230369283,0.06252499666711105,0.011331822423676844,0.0874485596707819,1.3986175822825908,0.003229663143523274,1.0273119540468636
frozenset({'Nylon Braided Lightning to USB cable'}),frozenset({'FEIYOLD Blue light Blocking Glasses'}),0.09532062391681109,0.0658578856152513,0.011331822423676844,0.11888111888111888,1.8051159366948841,0.005054207676989111,1.0601771615636433
frozenset({'FEIYOLD Blue light Blocking Glasses'}),frozenset({'Nylon Braided Lightning to USB cable'}),0.0658578856152513,0.09532062391681109,0.011331822423676844,0.17206477732793524,1.8051159366948841,0.005054207676989111,1.0926934273474214
frozenset({'SanDisk Ultra 128GB card'}),frozenset({'Apple USB-C Charger cable'}),0.06332489001466471,0.13211571790427942,0.011198506865751233,0.1768421052631579,1.338539486961602,0.0028322935602542697,1.0543351253081004
frozenset({'Apple USB-C Charger cable'}),frozenset({'SanDisk Ultra 128GB card'}),0.13211571790427942,0.06332489001466471,0.011198506865751233,0.08476286579212917,1.338539486961602,0.0028322935602542697,1.023423411240868
frozenset({'Anker USB C to HDMI Adapter'}),frozenset({'Logitech M510 Wireless mouse'}),0.06839088121583789,0.07145713904812692,0.011198506865751233,0.16374269005847952,2.2914811905385353,0.0063114901570871735,1.1103554491102818
frozenset({'Logitech M510 Wireless mouse'}),frozenset({'Anker USB C to HDMI Adapter'}),0.07145713904812692,0.06839088121583789,0.011198506865751233,0.15671641791044774,2.2914811905385353,0.0063114901570871735,1.1047400169652895
frozenset({'Falcon Dust Off Compressed Gas'}),frozenset({'USB 2.0 Printer cable'}),0.05999200106652446,0.1709105452606319,0.011065191307825623,0.18444444444444444,1.0791870341480327,0.0008119256942695167,1.0165946992717048
frozenset({'Nylon Braided Lightning to USB cable'}),"frozenset({'Dust-Off Compressed Gas 2 pack', 'Screen Mom Screen Cleaner kit'})",0.09532062391681109,0.04799360085321957,0.011065191307825623,0.11608391608391608,2.4187373737373736,0.0064904113304823366,1.0770325559967533
frozenset({'Screen Mom Screen Cleaner kit'}),"frozenset({'Dust-Off Compressed Gas 2 pack', 'Nylon Braided Lightning to USB cable'})",0.12958272230369283,0.03572856952406346,0.011065191307825623,0.08539094650205761,2.3899906332534853,0.006435386004880725,1.0542990218477055
frozenset({'Dust-Off Compressed Gas 2 pack'}),"frozenset({'Screen Mom Screen Cleaner kit', 'Nylon Braided Lightning to USB cable'})",0.23836821757099053,0.023596853752832957,0.011065191307825623,0.046420581655480984,1.9672360621342533,0.0054404513384794925,1.0239347950087594
"frozenset({'Screen Mom Screen Cleaner kit', 'Nylon Braided Lightning to USB cable'})",frozenset({'Dust-Off Compressed Gas 2 pack'}),0.023596853752832957,0.23836821757099053,0.011065191307825623,0.46892655367231634,1.9672360621342533,0.0054404513384794925,1.434136441382284
"frozenset({'Dust-Off Compressed Gas 2 pack', 'Nylon Braided Lightning to USB cable'})",frozenset({'Screen Mom Screen Cleaner kit'}),0.03572856952406346,0.12958272230369283,0.011065191307825623,0.3097014925373134,2.3899906332534853,0.006435386004880725,1.2609288130951908
"frozenset({'Dust-Off Compressed Gas 2 pack', 'Screen Mom Screen Cleaner kit'})",frozenset({'Nylon Braided Lightning to USB cable'}),0.04799360085321957,0.09532062391681109,0.011065191307825623,0.23055555555555557,2.418737373737374,0.0064904113304823366,1.175756589855408
"frozenset({'Dust-Off Compressed Gas 2 pack', 'Screen Mom Screen Cleaner kit'})",frozenset({'SanDisk Ultra 64GB card'}),0.04799360085321957,0.09825356619117451,0.011065191307825623,0.23055555555555557,2.3465362581034226,0.0063496488696410044,1.1719448237226613
frozenset({'USB 2.0 Printer cable'}),frozenset({'Falcon Dust Off Compressed Gas'}),0.1709105452606319,0.05999200106652446,0.011065191307825623,0.06474258970358815,1.0791870341480327,0.0008119256942695167,1.005079445064817
frozenset({'Screen Mom Screen Cleaner kit'}),"frozenset({'SanDisk Ultra 64GB card', 'Dust-Off Compressed Gas 2 pack'})",0.12958272230369283,0.040927876283162246,0.011065191307825623,0.08539094650205761,2.0863761879867564,0.005761645680944714,1.0486142904980498
frozenset({'Dust-Off Compressed Gas 2 pack'}),"frozenset({'SanDisk Ultra 64GB card', 'Screen Mom Screen Cleaner kit'})",0.23836821757099053,0.021997067057725635,0.011065191307825623,0.046420581655480984,2.1103077757440176,0.00582178964148601,1.0256124598831593
frozenset({'SanDisk Ultra 64GB card'}),"frozenset({'Dust-Off Compressed Gas 2 pack', 'Screen Mom Screen Cleaner kit'})",0.09825356619117451,0.04799360085321957,0.011065191307825623,0.11261872455902307,2.3465362581034226,0.0063496488696410044,1.0728267831363565
"frozenset({'SanDisk Ultra 64GB card', 'Screen Mom Screen Cleaner kit'})",frozenset({'Dust-Off Compressed Gas 2 pack'}),0.021997067057725635,0.23836821757099053,0.011065191307825623,0.503030303030303,2.1103077757440176,0.00582178964148601,1.5325517573266656
"frozenset({'SanDisk Ultra 64GB card', 'Dust-Off Compressed Gas 2 pack'})",frozenset({'Screen Mom Screen Cleaner kit'}),0.040927876283162246,0.12958272230369283,0.011065191307825623,0.2703583061889251,2.0863761879867564,0.005761645680944714,1.1929379654141352
"frozenset({'VIVO Dual LCD Monitor Desk mount', 'Screen Mom Screen Cleaner kit'})",frozenset({'HP 61 ink'}),0.03546193840821224,0.1638448206905746,0.010931875749900012,0.3082706766917293,1.8814795328435,0.005121620810066277,1.2087895526973216
frozenset({'HP 62XL Tri-Color ink'}),frozenset({'Apple Pencil'}),0.058525529929342755,0.17970937208372217,0.010931875749900012,0.18678815489749429,1.0393901705386532,0.00041428951543073626,1.008704721723378
frozenset({'Dust-Off Compressed Gas 2 pack'}),frozenset({'VicTsing Wireless mouse'}),0.23836821757099053,0.028129582722303693,0.010931875749900012,0.04586129753914989,1.6303582599107265,0.00422667725536875,1.0185840012265657
frozenset({'VicTsing Wireless mouse'}),frozenset({'Dust-Off Compressed Gas 2 pack'}),0.028129582722303693,0.23836821757099053,0.010931875749900012,0.38862559241706157,1.6303582599107265,0.00422667725536875,1.2457698146707055
frozenset({'Screen Mom Screen Cleaner kit'}),"frozenset({'VIVO Dual LCD Monitor Desk mount', 'HP 61 ink'})",0.12958272230369283,0.03919477403012932,0.010931875749900012,0.08436213991769548,2.152382352117802,0.005852910230997773,1.0493288535311398
frozenset({'HP 61 ink'}),"frozenset({'VIVO Dual LCD Monitor Desk mount', 'Screen Mom Screen Cleaner kit'})",0.1638448206905746,0.03546193840821224,0.010931875749900012,0.06672091131000812,1.8814795328434997,0.005121620810066277,1.0334937033097709
frozenset({'VIVO Dual LCD Monitor Desk mount'}),"frozenset({'HP 61 ink', 'Screen Mom Screen Cleaner kit'})",0.17411011865084655,0.03212904946007199,0.010931875749900012,0.06278713629402756,1.9542170512095467,0.005337883136267961,1.032711978272178
"frozenset({'HP 61 ink', 'Screen Mom Screen Cleaner kit'})",frozenset({'VIVO Dual LCD Monitor Desk mount'}),0.03212904946007199,0.17411011865084655,0.010931875749900012,0.34024896265560167,1.954217051209547,0.005337883136267961,1.2518205119820502
frozenset({'Apple Pencil'}),frozenset({'HP 62XL Tri-Color ink'}),0.17970937208372217,0.058525529929342755,0.010931875749900012,0.06083086053412462,1.0393901705386532,0.00041428951543073626,1.0024546490167818
"frozenset({'VIVO Dual LCD Monitor Desk mount', 'HP 61 ink'})",frozenset({'Screen Mom Screen Cleaner kit'}),0.03919477403012932,0.12958272230369283,0.010931875749900012,0.2789115646258503,2.152382352117802,0.005852910230997773,1.2070881115222372
frozenset({'SAMSUNG EVO 32GB card'}),frozenset({'HP 61 ink'}),0.0523930142647647,0.1638448206905746,0.010931875749900012,0.20865139949109412,1.2734696074716818,0.002347551722250924,1.0566205320533897
frozenset({'HP 61 ink'}),frozenset({'SAMSUNG EVO 32GB card'}),0.1638448206905746,0.0523930142647647,0.010931875749900012,0.06672091131000812,1.2734696074716818,0.002347551722250924,1.0153522105218868
frozenset({'Dust-Off Compressed Gas 2 pack'}),"frozenset({'HP 61 ink', 'SanDisk Ultra 64GB card'})",0.23836821757099053,0.023063591521130515,0.010931875749900012,0.04586129753914989,1.988471634920019,0.005434248548222722,1.023893492590984
frozenset({'SanDisk Ultra 64GB card'}),"frozenset({'HP 61 ink', 'Dust-Off Compressed Gas 2 pack'})",0.09825356619117451,0.05265964538061592,0.010931875749900012,0.1112618724559023,2.112848874156261,0.005757877796891889,1.0659386890908182
frozenset({'HP 61 ink'}),"frozenset({'SanDisk Ultra 64GB card', 'Dust-Off Compressed Gas 2 pack'})",0.1638448206905746,0.040927876283162246,0.010931875749900012,0.06672091131000812,1.6302070219425764,0.004226055199039273,1.0276370009136824
"frozenset({'SanDisk Ultra 64GB card', 'Dust-Off Compressed Gas 2 pack'})",frozenset({'HP 61 ink'}),0.040927876283162246,0.1638448206905746,0.010931875749900012,0.267100977198697,1.6302070219425762,0.004226055199039273,1.1408872891021935
"frozenset({'HP 61 ink', 'Dust-Off Compressed Gas 2 pack'})",frozenset({'SanDisk Ultra 64GB card'}),0.05265964538061592,0.09825356619117451,0.010931875749900012,0.20759493670886073,2.112848874156261,0.005757877796891889,1.1379867135926072
"frozenset({'HP 61 ink', 'SanDisk Ultra 64GB card'})",frozenset({'Dust-Off Compressed Gas 2 pack'}),0.023063591521130515,0.23836821757099053,0.010931875749900012,0.47398843930635837,1.988471634920019,0.005434248548222722,1.4479373446177872
frozenset({'FEIYOLD Blue light Blocking Glasses'}),frozenset({'Stylus Pen for iPad'}),0.0658578856152513,0.09505399280095987,0.010798560191974404,0.1639676113360324,1.7249944637189047,0.004538505206815868,1.082429364543162
frozenset({'Stylus Pen for iPad'}),frozenset({'FEIYOLD Blue light Blocking Glasses'}),0.09505399280095987,0.0658578856152513,0.010798560191974404,0.11360448807854139,1.7249944637189047,0.004538505206815868,1.0538660246144396
frozenset({'HP 61 ink'}),frozenset({'3A USB Type C Cable 3 pack 6FT'}),0.1638448206905746,0.04252766297826956,0.010665244634048793,0.06509357200976403,1.5306171901104701,0.003697307318985029,1.0241370776324688
frozenset({'3A USB Type C Cable 3 pack 6FT'}),frozenset({'HP 61 ink'}),0.04252766297826956,0.1638448206905746,0.010665244634048793,0.2507836990595611,1.5306171901104701,0.003697307318985029,1.1160397581577686
frozenset({'Apple Lightning to Digital AV Adapter'}),frozenset({'Cat8 Ethernet Cable'}),0.0871883748833489,0.06252499666711105,0.010665244634048793,0.12232415902140673,1.9564040870353345,0.005213791785056575,1.0681335403827688
frozenset({'Cat8 Ethernet Cable'}),frozenset({'Apple Lightning to Digital AV Adapter'}),0.06252499666711105,0.0871883748833489,0.010665244634048793,0.1705756929637527,1.9564040870353345,0.005213791785056575,1.1005363809247029
frozenset({'VIVO Dual LCD Monitor Desk mount'}),"frozenset({'HP 61 ink', 'Apple Pencil'})",0.17411011865084655,0.03319557392347687,0.010531929076123183,0.06049004594180704,1.8222322675080105,0.004752243761623677,1.0290518178125014
frozenset({'Apple Lightning to Digital AV Adapter'}),frozenset({'Stylus Pen for iPad'}),0.0871883748833489,0.09505399280095987,0.010531929076123183,0.12079510703363913,1.2708051863384673,0.0022443259176339464,1.0292777194924736
frozenset({'Nylon Braided Lightning to USB cable'}),frozenset({'Apple Lightning to Digital AV Adapter'}),0.09532062391681109,0.0871883748833489,0.010531929076123183,0.11048951048951049,1.2672504865165415,0.0022210787839495455,1.026195459054097
frozenset({'Apple Lightning to Digital AV Adapter'}),frozenset({'Nylon Braided Lightning to USB cable'}),0.0871883748833489,0.09532062391681109,0.010531929076123183,0.12079510703363913,1.2672504865165415,0.0022210787839495455,1.0289744555798357
frozenset({'Apple Pencil'}),"frozenset({'VIVO Dual LCD Monitor Desk mount', 'HP 61 ink'})",0.17970937208372217,0.03919477403012932,0.010531929076123183,0.0586053412462908,1.4952335533619976,0.003488260846205263,1.0206189476811551
frozenset({'HP 61 ink'}),"frozenset({'VIVO Dual LCD Monitor Desk mount', 'Apple Pencil'})",0.1638448206905746,0.036528462871617116,0.010531929076123183,0.06427990235964198,1.759720976641148,0.0045469296268207645,1.0296578427224197
frozenset({'Stylus Pen for iPad'}),frozenset({'Apple Lightning to Digital AV Adapter'}),0.09505399280095987,0.0871883748833489,0.010531929076123183,0.11079943899018233,1.2708051863384673,0.0022443259176339464,1.0265531367636787
"frozenset({'HP 61 ink', 'Apple Pencil'})",frozenset({'VIVO Dual LCD Monitor Desk mount'}),0.03319557392347687,0.17411011865084655,0.010531929076123183,0.3172690763052209,1.8222322675080107,0.004752243761623677,1.2096857673878776
"frozenset({'VIVO Dual LCD Monitor Desk mount', 'HP 61 ink'})",frozenset({'Apple Pencil'}),0.03919477403012932,0.17970937208372217,0.010531929076123183,0.26870748299319724,1.4952335533619974,0.003488260846205263,1.1216997423599333
frozenset({'Logitech M510 Wireless mouse'}),frozenset({'Stylus Pen for iPad'}),0.07145713904812692,0.09505399280095987,0.010531929076123183,0.14738805970149252,1.5505719997488014,0.0037396426954653377,1.0613808749643008
frozenset({'Stylus Pen for iPad'}),frozenset({'Logitech M510 Wireless mouse'}),0.09505399280095987,0.07145713904812692,0.010531929076123183,0.11079943899018233,1.5505719997488014,0.0037396426954653377,1.0442445739095987
frozenset({'USB 2.0 Printer cable'}),frozenset({'HP 62XL Tri-Color ink'}),0.1709105452606319,0.058525529929342755,0.010531929076123183,0.06162246489859594,1.0529159662969663,0.0005292988442317809,1.0033003080885972
frozenset({'HP 62XL Tri-Color ink'}),frozenset({'USB 2.0 Printer cable'}),0.058525529929342755,0.1709105452606319,0.010531929076123183,0.17995444191343962,1.0529159662969663,0.0005292988442317809,1.0110285295293961
"frozenset({'VIVO Dual LCD Monitor Desk mount', 'Apple Pencil'})",frozenset({'HP 61 ink'}),0.036528462871617116,0.1638448206905746,0.010531929076123183,0.28832116788321166,1.7597209766411477,0.0045469296268207645,1.1749052263117052
frozenset({'USB 2.0 Printer cable'}),frozenset({'SAMSUNG EVO 32GB card'}),0.1709105452606319,0.0523930142647647,0.010398613518197574,0.0608424336973479,1.1612699622488718,0.001444094882358575,1.0089968070702422
frozenset({'SAMSUNG EVO 32GB card'}),frozenset({'USB 2.0 Printer cable'}),0.0523930142647647,0.1709105452606319,0.010398613518197574,0.19847328244274812,1.1612699622488718,0.001444094882358575,1.034387795912926
frozenset({'FEIYOLD Blue light Blocking Glasses'}),"frozenset({'VIVO Dual LCD Monitor Desk mount', 'Dust-Off Compressed Gas 2 pack'})",0.0658578856152513,0.05972536995067324,0.010265297960271964,0.15587044534412955,2.6097861842105265,0.0063319113777319585,1.1138984826004015
frozenset({'iPhone Charger Cable Anker 6ft'}),frozenset({'Dust-Off Compressed Gas 2 pack'}),0.025729902679642713,0.23836821757099053,0.010265297960271964,0.3989637305699482,1.6737287153272828,0.004132106920250477,1.2671977069724039
frozenset({'Dust-Off Compressed Gas 2 pack'}),frozenset({'iPhone Charger Cable Anker 6ft'}),0.23836821757099053,0.025729902679642713,0.010265297960271964,0.04306487695749441,1.6737287153272828,0.004132106920250477,1.01811509877779
frozenset({'VicTsing Wireless mouse'}),frozenset({'VIVO Dual LCD Monitor Desk mount'}),0.028129582722303693,0.17411011865084655,0.010265297960271964,0.36492890995260663,2.095966120638976,0.005367652974892865,1.3004683952587415
frozenset({'Dust-Off Compressed Gas 2 pack'}),"frozenset({'VIVO Dual LCD Monitor Desk mount', 'FEIYOLD Blue light Blocking Glasses'})",0.23836821757099053,0.022930275963204905,0.010265297960271964,0.04306487695749441,1.8780793142916605,0.004799448950511883,1.0210407168777262
frozenset({'VIVO Dual LCD Monitor Desk mount'}),frozenset({'VicTsing Wireless mouse'}),0.17411011865084655,0.028129582722303693,0.010265297960271964,0.058958652373660034,2.095966120638976,0.005367652974892865,1.0327605898817505
frozenset({'VIVO Dual LCD Monitor Desk mount'}),"frozenset({'FEIYOLD Blue light Blocking Glasses', 'Dust-Off Compressed Gas 2 pack'})",0.17411011865084655,0.027596320490601255,0.010265297960271964,0.058958652373660034,2.13646788142427,0.005460499325326592,1.033327262359052
"frozenset({'VIVO Dual LCD Monitor Desk mount', 'Dust-Off Compressed Gas 2 pack'})",frozenset({'FEIYOLD Blue light Blocking Glasses'}),0.05972536995067324,0.0658578856152513,0.010265297960271964,0.171875,2.6097861842105265,0.0063319113777319585,1.1280206664268664
"frozenset({'VIVO Dual LCD Monitor Desk mount', 'FEIYOLD Blue light Blocking Glasses'})",frozenset({'Dust-Off Compressed Gas 2 pack'}),0.022930275963204905,0.23836821757099053,0.010265297960271964,0.4476744186046512,1.8780793142916603,0.004799448950511883,1.3789543850293646
frozenset({'Nylon Braided Lightning to USB cable'}),frozenset({'Syntech USB C to USB Adapter'}),0.09532062391681109,0.08105585921877083,0.010265297960271964,0.1076923076923077,1.3286184210526317,0.002539002887425525,1.029851192254826
frozenset({'Syntech USB C to USB Adapter'}),frozenset({'Nylon Braided Lightning to USB cable'}),0.08105585921877083,0.09532062391681109,0.010265297960271964,0.12664473684210528,1.3286184210526317,0.002539002887425525,1.0358664042534442
"frozenset({'FEIYOLD Blue light Blocking Glasses', 'Dust-Off Compressed Gas 2 pack'})",frozenset({'VIVO Dual LCD Monitor Desk mount'}),0.027596320490601255,0.17411011865084655,0.010265297960271964,0.3719806763285024,2.13646788142427,0.005460499325326592,1.3150708110713443
frozenset({'TopMate C5 Laptop Cooler pad'}),frozenset({'Nylon Braided Lightning to USB cable'}),0.07652313024930009,0.09532062391681109,0.010131982402346354,0.13240418118466898,1.3890402280646184,0.002837749882915669,1.0427428953248001
frozenset({'10ft iPHone Charger Cable 2 Pack'}),frozenset({'HP 61 ink'}),0.05052659645380616,0.1638448206905746,0.010131982402346354,0.20052770448548812,1.2238879669207863,0.0018534612662674602,1.0458838711494132
frozenset({'Dust-Off Compressed Gas 2 pack'}),"frozenset({'VIVO Dual LCD Monitor Desk mount', 'USB 2.0 Printer cable'})",0.23836821757099053,0.027596320490601255,0.010131982402346354,0.042505592841163314,1.54026305266457,0.00355389667548393,1.0155711325717318
frozenset({'VIVO Dual LCD Monitor Desk mount'}),"frozenset({'Dust-Off Compressed Gas 2 pack', 'USB 2.0 Printer cable'})",0.17411011865084655,0.03372883615517931,0.010131982402346354,0.05819295558958652,1.7253176279742628,0.004259450737413121,1.0259757235620617
"frozenset({'Dust-Off Compressed Gas 2 pack', 'USB 2.0 Printer cable'})",frozenset({'VIVO Dual LCD Monitor Desk mount'}),0.03372883615517931,0.17411011865084655,0.010131982402346354,0.30039525691699603,1.7253176279742628,0.004259450737413121,1.1805092654312759
"frozenset({'VIVO Dual LCD Monitor Desk mount', 'USB 2.0 Printer cable'})",frozenset({'Dust-Off Compressed Gas 2 pack'}),0.027596320490601255,0.23836821757099053,0.010131982402346354,0.36714975845410625,1.54026305266457,0.00355389667548393,1.2034944958992746
frozenset({'Dust-Off Compressed Gas 2 pack'}),"frozenset({'SanDisk Ultra 64GB card', 'Apple Pencil'})",0.23836821757099053,0.019997333688841486,0.010131982402346354,0.042505592841163314,2.125563012677107,0.005365253614764888,1.023507457572635
frozenset({'Nylon Braided Lightning to USB cable'}),frozenset({'TopMate C5 Laptop Cooler pad'}),0.09532062391681109,0.07652313024930009,0.010131982402346354,0.1062937062937063,1.3890402280646184,0.002837749882915669,1.0333113644315342
frozenset({'Apple Pencil'}),"frozenset({'SanDisk Ultra 64GB card', 'Dust-Off Compressed Gas 2 pack'})",0.17970937208372217,0.040927876283162246,0.010131982402346354,0.05637982195845697,1.3775408615973477,0.0027768594547790014,1.0163751751338814
frozenset({'SanDisk Ultra 64GB card'}),"frozenset({'Dust-Off Compressed Gas 2 pack', 'Apple Pencil'})",0.09825356619117451,0.05092654312758299,0.010131982402346354,0.10312075983717775,2.0248921977452103,0.005128267926272675,1.0581953671936026
"frozenset({'Dust-Off Compressed Gas 2 pack', 'Apple Pencil'})",frozenset({'SanDisk Ultra 64GB card'}),0.05092654312758299,0.09825356619117451,0.010131982402346354,0.19895287958115182,2.02489219774521,0.005128267926272675,1.1257096003757232
"frozenset({'SanDisk Ultra 64GB card', 'Apple Pencil'})",frozenset({'Dust-Off Compressed Gas 2 pack'}),0.019997333688841486,0.23836821757099053,0.010131982402346354,0.5066666666666667,2.125563012677107,0.005365253614764888,1.5438482076263709
"frozenset({'SanDisk Ultra 64GB card', 'Dust-Off Compressed Gas 2 pack'})",frozenset({'Apple Pencil'}),0.040927876283162246,0.17970937208372217,0.010131982402346354,0.247557003257329,1.3775408615973477,0.0027768594547790014,1.0901697955424126
frozenset({'HP 61 ink'}),frozenset({'10ft iPHone Charger Cable 2 Pack'}),0.1638448206905746,0.05052659645380616,0.010131982402346354,0.06183889340927583,1.2238879669207863,0.0018534612662674602,1.0120579470583453
